Algorithm,k,WCSS,Silhouette,Davies_Bouldin,Calinski_Harabasz
MiniBatchKMeans,50,3589.846923828125,0.05416249856352806,3.356267292873136,16.437898635864258
MiniBatchKMeans,100,3379.716552734375,0.053767938166856766,3.0348570060707822,10.53278923034668
MiniBatchKMeans,150,3230.709716796875,0.058761075139045715,2.793701795594872,8.309988975524902
MiniBatchKMeans,200,3127.239990234375,0.03636685758829117,2.50763060705959,7.066416263580322
MiniBatchKMeans,250,3038.8037109375,0.021951718255877495,2.2552346619028727,6.221212863922119
MiniBatchKMeans,300,2973.7021484375,0.017342690378427505,2.169458723020366,5.642575740814209
Voronoi_Partition,50,3537.602294921875,0.06364104896783829,3.376531647011006,17.206371307373047
Voronoi_Partition,100,3301.437744140625,0.0579407624900341,2.983275402952072,10.928812026977539
Voronoi_Partition,150,3153.90625,0.06482218205928802,2.7416974100917684,8.474080085754395
Voronoi_Partition,200,3038.457763671875,0.0642639771103859,2.4824043667290123,7.126871585845947
Voronoi_Partition,250,2945.93017578125,0.06647520512342453,2.3301279923711316,6.352808952331543
Voronoi_Partition,300,2865.97265625,0.06856405735015869,2.217626760914372,5.801384925842285
