word,cluster
में,41
लिए,97
किया,23
गया,23
हैं,86
नहीं,86
सिंह,98
पुलिस,25
दिया,23
करने,41
कहा,23
रहे,41
बाद,35
करें,32
साथ,23
रहा,23
रही,41
बताया,23
हुए,86
लोगों,183
उन्होंने,53
होने,88
गांव,12
लेकर,23
जिला,23
इसके,41
एवं,9
क्षेत्र,52
द्वारा,20
हुई,86
लेकिन,29
लिया,23
सरकार,20
अपने,178
विभाग,52
मोबाइल,162
वाले,23
दौरान,108
आदि,148
सभी,41
मौके,95
फोटो,30
देखने,44
जागरण,187
जाने,23
दिन,29
नगर,41
तथा,23
जाएं,33
निवासी,52
लोग,183
बैठक,129
शुरू,157
कोई,23
हुआ,86
ताजा,23
करते,41
खबरें,41
समय,41
जाएगा,33
तीन,29
मामले,23
रुपये,134
कारण,97
पहले,41
थाना,23
पूर्व,16
विकास,52
संवाददाता,52
अन्य,0
जानकारी,20
कुछ,83
दर्ज,23
शर्मा,120
जांच,4
अध्यक्ष,52
स्कूल,21
यहां,86
अधिकारी,52
किसी,51
उनके,178
कार्य,52
पास,23
स्थित,52
कार्यक्रम,52
अस्पताल,154
वहीं,86
पंचायत,31
बात,23
पानी,23
किए,97
मांग,12
बच्चों,4
खिलाफ,20
बार,23
रूप,0
बजे,41
काम,23
उन्हें,53
कार्रवाई,52
तरह,41
देने,23
प्रदेश,170
महिला,20
उसे,41
वर्ष,28
मौजूद,87
अपनी,178
उसके,178
शहर,41
चुनाव,118
हजार,23
सूचना,52
दोनों,86
केंद्र,52
निर्माण,52
सहित,0
टीम,43
देवी,55
घटना,23
सड़क,41
विद्यालय,52
मुख्य,49
शिक्षा,52
चार,52
बीच,4
प्रशासन,52
बिजली,74
रात,23
शामिल,52
जिले,90
होगा,33
कार्यालय,52
संवाद,52
इससे,116
मौत,158
उपस्थित,52
करीब,74
लाख,10
सुबह,40
दिए,97
नाम,23
पांच,4
अधिकारियों,52
कराया,23
जाएगी,33
आयोजित,52
राम,23
कहना,23
जारी,23
इसी,41
निर्देश,52
काफी,23
करना,23
प्रधान,52
जाता,23
प्रखंड,31
जबकि,41
व्यवस्था,52
आने,41
प्रसाद,52
घायल,23
आरोप,96
किसानों,20
योजना,52
तहत,41
लगा,23
आयोजन,166
वाली,23
अवसर,41
सोमवार,157
संख्या,52
अधिक,83
शिकायत,20
ग्रामीणों,52
उनकी,178
बंद,114
इसमें,86
राज्य,52
समिति,93
परीक्षा,52
अलावा,23
अभियान,52
मामला,23
ऐसे,41
अनुसार,52
चाहिए,23
युवक,165
मंदिर,179
पहुंचे,4
सचिव,93
ग्राम,30
रोड,12
पत्र,52
पुत्र,42
मंगलवार,157
उसकी,178
जहां,86
होगी,33
शनिवार,52
मिल,90
कराने,23
पूरी,23
बुधवार,157
शुक्रवार,157
छात्र,52
पार्टी,52
विभिन्न,52
रविवार,52
फिर,92
मंत्री,52
शाम,23
साल,23
अभी,41
आरोपी,96
गयी,41
जाए,33
स्वास्थ्य,52
जिसमें,51
वहां,86
गिरफ्तार,20
स्थानीय,52
निगम,52
विधायक,52
प्रभारी,52
समेत,0
बनाने,23
माह,109
लाल,23
श्री,5
परिवार,52
दिनों,29
प्रदर्शन,52
इसकी,41
प्रयास,52
सरकारी,20
सामने,23
ग्रामीण,52
जिससे,51
सदस्य,0
बैंक,22
समाज,52
सुरक्षा,52
वाहन,52
समस्या,23
किसान,20
पूरा,23
देश,170
बारे,23
चलते,41
लगाया,23
हत्या,23
रहने,41
मिलने,90
बाहर,7
बाजार,20
सहयोगी,166
स्थिति,52
दूसरे,34
लगे,23
पदाधिकारी,52
चोरी,23
शिक्षक,52
प्रतियोगिता,52
भाग,52
मार्ग,30
मुख्यमंत्री,52
स्थान,52
प्रतिनिधि,52
सफाई,23
सकता,23
छात्रों,52
मंडल,52
मिली,90
होती,88
कर्मचारियों,52
आदेश,170
पहुंच,4
पिछले,34
लेने,32
होता,88
विरोध,166
नेता,1
प्राप्त,52
जगह,41
तैयार,20
सेवा,52
उनका,7
परिजनों,165
अपना,7
देर,23
जनता,23
चालक,52
प्रति,57
मिला,23
गंभीर,64
संबंध,52
संघ,52
अलग,41
जमीन,29
भवन,41
अध्यक्षता,52
जाती,52
वालों,46
उक्त,23
कर्मचारी,52
जल्द,114
प्रकाश,52
राष्ट्रीय,52
गुरुवार,157
बना,23
जाम,23
करेंगे,33
विशेष,52
स्तर,0
स्टेशन,21
व्यक्ति,52
लगी,23
महिलाओं,20
थाने,23
होकर,88
कमेटी,23
गये,41
राय,23
उसने,178
परिसर,66
देते,23
देकर,23
संबंधित,52
तरफ,41
पूरे,23
समारोह,164
उपलब्ध,52
प्रथम,190
सात,23
शिविर,55
शिक्षकों,52
भारत,89
सभा,52
बच्चे,4
लगभग,41
इसका,7
आगे,116
विजय,98
राशि,109
भर्ती,52
अशोक,23
दूर,23
वर्ग,28
परिषद,66
दिवस,47
मां,12
लाइन,30
होते,88
मारपीट,59
घंटे,136
पंजाब,31
प्रमुख,49
पिता,23
रखा,23
छात्राओं,52
पहुंची,4
आया,7
उसका,7
अवैध,52
इसे,41
दुकान,20
अगर,41
पता,23
इलाज,23
जमा,23
जिस,51
कोतवाली,17
आधार,23
विद्यार्थियों,52
जेल,23
नजर,41
मतदान,52
ज्यादा,20
लगाने,23
जिलाधिकारी,52
खेल,23
यदि,160
कर्मियों,52
दोपहर,40
सबसे,116
बोर्ड,30
चौक,6
भाई,89
प्रशिक्षण,52
शराब,23
ट्रक,43
सवार,23
बावजूद,176
पूजा,16
सदर,41
जाते,23
डीएम,14
करोड़,23
हालत,23
गांवों,12
निरीक्षण,52
आरोपियों,96
हालांकि,160
युवा,165
चुकी,29
सदस्यों,0
वाहनों,52
सके,51
कार,23
बरामद,186
विद्युत,52
पड़ा,23
भारी,23
भेज,68
अनिल,23
बड़ी,60
चुके,29
जिसके,51
जीवन,187
नेतृत्व,52
चला,23
सहयोग,166
मनोज,23
भारतीय,52
वापस,7
बनाया,23
मार्च,39
वितरण,0
कुमारी,55
परेशानी,20
करके,41
कंपनी,52
प्राथमिक,52
प्रकार,52
कार्यकर्ताओं,52
कही,86
कराई,23
वजह,41
कृषि,0
पति,23
ध्यान,23
कोर्ट,30
संगठन,52
होना,88
जाएंगे,33
दूसरी,34
संबोधित,52
आपूर्ति,16
ताकि,23
लाभ,23
माध्यम,52
निर्णय,52
हाथ,23
बढ़,132
मुताबिक,20
बारिश,35
मिले,90
होंगे,33
सामान,23
विवाद,52
पाया,23
ऐसा,41
वाला,23
राज,55
सकते,41
संचालन,52
बिना,23
अजय,41
आंदोलन,164
जाना,23
वरिष्ठ,52
विधानसभा,52
देख,44
कुल,23
हाल,2
आवेदन,185
बने,41
भेजा,68
देखते,44
रखने,41
मंडी,23
तेज,23
चुका,29
मुकदमा,95
धरना,23
जिलाध्यक्ष,52
भूमि,89
ठाकुर,23
अदालत,23
पत्नी,52
इसलिए,97
बनी,41
रैली,180
जैसे,51
प्रतिशत,57
कहीं,86
भीड़,153
सूत्र,52
फरार,23
क्या,23
सूची,52
परेशान,20
तैनात,20
साफ,23
तहसील,10
बनाए,33
अंदर,0
शासन,52
सुविधा,52
गाव,23
भगवान,46
दर्जन,23
बाबा,35
लगातार,23
उधर,41
पक्ष,28
समस्याओं,10
अतिथि,93
क्षेत्रों,52
अभियंता,52
मुख्यालय,52
फसल,41
मुखिया,33
करता,23
यात्रा,52
निदेशक,52
आवास,185
चर्चा,52
शादी,23
सहायक,23
थानाध्यक्ष,52
उपाध्यक्ष,52
वर्षीय,28
सांसद,52
निजी,48
आसपास,62
सकती,41
दास,23
जान,23
प्रत्याशी,52
तैयारी,20
ब्लाक,120
बाल,23
सिविल,21
भुगतान,20
पीड़ित,153
पहचान,33
खराब,23
सेक्टर,21
पूछताछ,101
सम्मानित,52
जनवरी,39
अधीक्षक,52
ज्ञापन,52
प्रवेश,52
स्थल,28
प्रबंधक,52
प्रक्रिया,52
विचार,52
उच्च,4
कभी,86
बड़े,60
पीछे,116
लगाए,33
कमी,23
इलाके,23
जाकर,23
जमकर,41
आश्वासन,52
वेतन,52
जून,39
सप्ताह,39
तहरीर,23
यही,41
रेल,23
हासिल,23
बताते,23
विश्वविद्यालय,52
यूनियन,21
केवल,51
मदद,41
उत्तर,0
मैदान,20
खंड,52
मौसम,27
मरीजों,10
मगर,41
स्वागत,52
मकान,23
रोक,32
निर्धारित,52
खुद,94
बेहतर,74
नदी,41
पुल,23
अंतिम,52
ठीक,51
पेश,170
लगाई,23
खर्च,4
सड़कों,41
सिर्फ,92
लूट,43
बहुत,36
जरूरत,94
कार्यकर्ता,52
प्रभावित,52
बेटी,23
कर्मी,0
राजीव,55
द्वितीय,28
गाड़ी,23
दें,41
नेताओं,52
घरों,23
उपचार,23
महतो,86
केन्द्र,52
समीप,0
सही,41
उपायुक्त,52
मार,23
जनपद,41
तौर,174
योजनाओं,52
हादसे,2
उर्फ,32
विद्यालयों,52
लगाकर,23
यात्रियों,52
अंतर्गत,52
फरवरी,39
संयुक्त,52
चेयरमैन,50
हड़ताल,2
पार्षद,52
लगने,41
संस्था,52
गेहूं,142
मृतक,8
देखा,44
दीपक,23
रहता,23
उद्घाटन,52
कल्याण,52
राहत,23
संतोष,52
प्रदीप,5
घोषित,0
प्रस्ताव,52
सफल,41
नामांकन,52
पाल,23
आयोग,166
लोक,23
पेयजल,0
मीटर,131
जुलाई,157
पहली,41
प्रबंधन,52
कक्षा,28
न्यायालय,52
प्रदान,52
रहते,41
बदमाशों,52
गंगा,9
धान,23
सीमा,23
करवाया,23
सामना,23
दिसंबर,39
इधर,41
मांगों,12
महासचिव,93
अतिक्रमण,0
जीत,5
स्थानों,52
पदाधिकारियों,52
तलाश,23
टक्कर,23
नुकसान,20
माता,23
अज्ञात,52
लागू,23
जरूरी,146
मंच,4
राजकीय,55
बीडीओ,14
युवकों,165
दिशा,124
अतिरिक्त,52
शीघ्र,64
दिवसीय,28
उसी,41
पार्क,30
प्रेम,58
रास्ते,23
चलने,41
प्रत्येक,52
ऐसी,41
संस्थान,52
विरुद्ध,52
घोषणा,52
पड़े,60
सुभाष,55
प्राथमिकी,52
बल्कि,160
चौकी,6
चंद,23
चंद्र,55
कब्जे,32
मनाया,23
केंद्रीय,52
तभी,41
कहते,41
रखे,23
गोली,23
बयान,23
जवाब,23
प्रयोग,52
युवाओं,165
गर्मी,89
पड़ी,60
रखी,23
सामाजिक,52
आनंद,23
चयन,41
लक्ष्य,52
किशोर,27
नीचे,44
आते,41
सरपंच,4
गुरु,42
केंद्रों,52
महीने,29
प्राचार्य,52
लापरवाही,20
कोशिश,27
तीनों,29
बजट,41
पड़ता,2
क्योंकि,97
प्रधानमंत्री,52
किनारे,124
चोरों,10
पेंशन,130
युवती,165
समाधान,23
पहुंचने,4
समाप्त,52
पालिका,52
श्रद्धालुओं,55
तमाम,23
प्रस्तुत,52
कदम,41
बनने,41
संजीव,52
सवाल,23
खरीद,44
वोट,43
चिकित्सक,52
शाखा,52
गैस,51
अचानक,40
करती,41
इनमें,86
जिसे,51
चले,23
पवन,41
नवंबर,39
जागरूक,20
करवाने,23
व्यक्त,52
छोटे,88
हिस्सा,79
मतदाता,52
देना,23
सुधार,52
विभागीय,52
विषय,0
संघर्ष,52
दुर्घटना,42
चेतावनी,52
मध्य,0
रहती,41
बता,23
अगस्त,39
सम्मेलन,164
आयुक्त,52
गिरफ्तारी,20
संपन्न,52
मेला,23
अक्टूबर,39
किये,97
दुकानों,20
थीं,86
हजारों,10
यातायात,52
प्रताप,52
छोड़,88
साइकिल,20
काबू,23
तालाब,23
खाली,23
खेत,23
समीक्षा,52
लिये,97
संबंधी,52
मेले,23
मोटरसाइकिल,20
सैकड़ों,10
शांति,5
पूर्ण,16
कड़ी,60
गायब,23
हंगामा,2
समक्ष,28
मात्र,52
आकर,41
उससे,116
अधिकार,52
परिजन,165
आलम,41
स्वामी,52
हमला,81
दिखाई,33
बड़ा,23
कब्जा,23
कानून,20
लेते,23
दर्जनों,165
चिकित्सा,52
दवा,23
चलाया,23
बनाकर,23
संपर्क,52
बीते,74
गठन,41
चपेट,23
रोजगार,20
महाविद्यालय,52
सौंपा,68
माध्यमिक,52
भविष्य,52
विज्ञान,52
तत्काल,23
सम्मान,52
सत्र,0
दुष्कर्म,27
चरण,41
हेतु,0
निरीक्षक,52
जिन,29
क्रम,0
फैसला,2
समर्थन,37
आर्थिक,52
रुपए,134
परियोजना,52
अवगत,41
साढ़े,63
पुरस्कार,25
चिकित्सकों,52
लाखों,10
बैठे,129
डेढ़,63
एक्सप्रेस,21
रोकने,80
बस्ती,23
सामान्य,52
भूमिका,52
पंकज,0
सैनी,32
मजदूर,146
खड़े,60
वर्षो,28
स्थापित,52
पाई,23
राजकुमार,55
दर्शन,170
निज,23
शुभारंभ,52
राजस्व,52
निकाली,52
मिलकर,90
माहौल,2
दूसरा,34
बेटे,23
वर्तमान,52
योग,166
उम्मीद,20
स्थापना,52
साहिब,120
फीसद,63
बनाई,23
पढ़ाई,132
डिग्री,55
विश्व,52
एसडीओ,14
जिम्मेदारी,20
रहेगा,33
सफलता,23
आवश्यक,37
करेगी,33
सितंबर,39
परिणाम,52
भगत,41
सहायता,20
पहुंचकर,4
गंदगी,114
मजदूरों,146
स्वयं,52
धर्म,0
मनरेगा,33
पर्व,47
संत,9
रवाना,23
इंतजार,20
राशन,23
आधा,23
रोष,0
तरीके,51
सुनवाई,157
बातचीत,20
गलत,41
झारखंड,31
खिलाड़ियों,20
मालिक,52
मामलों,23
हमारे,23
घायलों,23
प्रमाण,52
लाने,23
बिल,46
जख्मी,23
चोर,23
प्रशासनिक,52
धमकी,41
ट्रैक्टर,21
महिलाएं,20
क्षेत्रीय,52
क्रिकेट,85
फिलहाल,2
गरीब,74
खत्म,23
प्रधानाचार्य,52
लौट,75
पंचायतों,31
अधिवक्ता,52
उपभोक्ताओं,52
यात्री,52
दुकानदारों,20
इनके,51
तोड़,23
पटना,23
दैनिक,70
निकट,43
पहल,41
मरम्मत,0
जायेगा,33
मोर्चा,95
अरुण,198
उसमें,86
विद्यार्थी,52
होली,23
हमें,41
आगामी,73
रवि,148
पक्षों,28
तार,23
इलाहाबाद,35
दाखिल,33
मिलेगा,33
जाति,52
डाला,23
भ्रष्टाचार,52
प्रचार,52
बचाने,23
मिलते,90
निकाला,52
करनी,41
साबित,20
पाए,33
पकड़,41
तृतीय,28
उठाया,33
पुत्री,42
ऊपर,41
हिरासत,20
स्तरीय,28
सजा,23
मरीज,23
जुड़े,23
वक्त,23
कमरे,41
पशु,36
असर,41
पर्यावरण,76
व्यापारियों,52
नया,23
दौड़,23
नियुक्ति,52
अंजाम,20
घाट,23
रंग,9
खबर,41
इतना,23
ताला,23
पहला,7
चली,23
व्यापारी,52
तहसीलदार,20
जागरूकता,20
पाने,23
अभाव,52
उनसे,116
विभागों,52
संचालित,52
देखकर,44
परंतु,13
निर्वाचन,52
खेती,23
देंगे,33
कस्बे,23
सूत्रों,52
अंक,52
शुल्क,49
जयंती,9
उठा,33
ज्ञान,52
आह्वान,23
टिकट,43
पटेल,23
पैसे,51
नारेबाजी,20
पेड़,23
वसूली,23
लगाते,23
चलाने,23
पार,23
रात्रि,52
नौकरी,158
शहीद,114
कराए,33
जुलूस,26
निकल,104
नहर,41
दिलाने,33
करे,23
रानी,23
चालकों,52
बढ़ाने,132
मुक्त,52
संयोजक,52
तिथि,93
शौचालय,6
अगले,41
सांस्कृतिक,52
भोजन,68
संभव,83
राजनीतिक,52
खाद्य,20
कला,23
जिसकी,51
कैसे,51
संरक्षण,0
पंडित,31
बीमारी,20
खड़ा,60
वार्ता,52
नियमित,52
फर्जी,32
उद्देश्य,52
खड़ी,41
करेगा,33
आगरा,7
बदमाश,52
बरसात,23
खुशी,27
मशीन,29
दुकानदार,20
शिकार,23
दिये,97
महत्वपूर्ण,16
जोर,23
मैं,86
ठंड,23
तीसरे,34
कीमत,167
वितरित,52
कथा,23
मतदाताओं,52
तुरंत,13
खास,23
पालन,23
रहेगी,33
मुश्किल,79
जिसका,51
मिनट,131
धारा,52
शुरुआत,157
किलो,32
पैसा,51
बूथ,23
पैदा,20
सिंचाई,157
विजेता,1
जन्म,23
दावा,23
लड़की,178
जिलों,46
मजबूर,146
छापेमारी,59
आशा,23
करवा,23
प्रत्याशियों,52
इलाकों,10
खेतों,10
मौका,95
बढ़ा,132
मिट्टी,55
विशाल,52
हटाने,23
अरविंद,38
मानव,23
रहीं,86
भरा,82
रांची,4
संदेश,52
बालिका,52
निकाल,52
बचाव,7
लोकसभा,118
बधाई,23
नाथ,55
विस्तार,52
पुरानी,42
सिर,23
ठेकेदार,20
आर्य,0
उपाध्याय,52
उचित,0
बसों,41
होटल,86
बातें,33
वैसे,51
क्यों,97
व्यापार,52
कटौती,158
सेना,1
दबाव,23
नशे,23
परिवहन,66
मार्केट,30
जब्त,23
अफसरों,41
आशंका,23
उत्पादन,52
अपराध,52
पाठक,52
पुराने,42
समापन,164
मान,23
उद्योग,166
हालात,2
संकट,0
जताया,23
योगदान,52
पीने,32
सुशील,23
नियमों,52
प्रबंध,52
मारने,23
दहेज,23
उनको,86
बिक्री,55
बाढ़,23
परिवारों,52
रोडवेज,20
सख्त,23
महामंत्री,52
लागत,23
संदिग्ध,52
गली,23
अध्यापक,52
बहादुर,55
लाया,23
पकड़े,41
सामग्री,52
विधान,52
रहेंगे,33
अधिकांश,83
रोग,183
जताई,23
अर्चना,23
तापमान,20
प्रतिदिन,57
संभावना,52
अपहरण,41
स्वच्छता,52
महाराज,55
आरक्षण,0
करवाई,23
विनय,148
मुआवजा,95
शहरी,41
संकल्प,52
निकले,104
पूजन,0
स्पष्ट,52
इस्तेमाल,20
खाते,23
मोहल्ला,17
लिखा,33
मुहैया,33
गीत,5
कार्यरत,52
खनन,41
बहन,41
खाद,23
गंभीरता,64
मांगी,12
हमेशा,23
न्याय,52
मोड़,23
जूनियर,21
गौरव,12
माल,23
मिलेगी,33
गठित,0
किशोरी,27
गणेश,170
माना,23
सुरक्षित,52
तत्वावधान,52
ज्योति,48
शरीर,23
नीरज,23
शांत,5
किलोमीटर,131
मनीष,198
अपराधियों,52
पिटाई,23
धार्मिक,52
आदर्श,170
रास्ता,23
मुकाबले,95
बाबू,23
नवीन,155
उमेश,170
याद,23
अभिभावकों,52
बढ़ने,132
मजबूत,146
सिपाही,52
छानबीन,20
मजिस्ट्रेट,21
मीडिया,33
कश्मीर,23
सौंप,68
महेंद्र,55
निस्तारण,52
चारों,52
घटनाओं,10
आबादी,35
कक्ष,28
दोषी,96
कन्या,23
ब्यूरो,67
होनी,23
चक्कर,145
महोत्सव,47
अच्छी,4
गुहार,23
ग्रहण,0
प्रतिमा,52
ढंग,9
सोनी,32
पदों,41
भक्तों,0
जवानों,52
दौरा,108
लंबी,136
आये,41
उम्मीदवार,20
सोने,32
कमल,41
शक्ति,0
सुविधाएं,52
नृत्य,78
अहम,41
राजनीति,52
जायजा,23
नीति,5
गति,0
अनेक,51
मास्टर,30
सुमन,23
जंगल,9
शोर,23
पैदल,129
खाने,23
फाइनल,69
गीता,5
दूरी,23
सुनिश्चित,52
गरीबों,74
बीज,14
लंबे,136
कार्यशाला,52
लेना,23
हूं,86
उपभोक्ता,52
संस्कृति,52
मोटर,14
गृह,8
प्रवीण,5
भीतर,0
खूब,94
अनुमति,52
खुले,23
अखिलेश,72
दीप,23
आती,41
चौराहे,6
सब्जी,23
चालू,23
दूध,94
बादल,23
नियुक्त,52
वीरवार,157
नियंत्रण,52
कार्यकारिणी,52
अनुमंडल,52
सक्रिय,52
जवान,52
प्रवक्ता,52
ओमप्रकाश,52
आता,23
लिखित,52
काट,23
जर्जर,32
अध्यापकों,52
अफसर,41
नकदी,41
वार्षिक,52
संचालक,52
अजीत,196
आदमी,113
मिलता,90
विवाह,52
विश्वास,52
वृद्धि,52
नाले,23
विरोधी,166
डाल,23
यज्ञ,187
निकासी,52
निकला,52
इन्हें,53
कार्यक्रमों,52
चालान,23
सुविधाओं,52
सभागार,52
बच्ची,4
किस,51
शेष,52
शपथ,41
राजा,55
बीस,14
आक्रोश,166
इकाई,23
गैर,23
लाइसेंस,21
डाक्टर,154
पुरुष,42
दरबार,55
धनराशि,109
दोबारा,20
न्यायिक,52
खिलाड़ी,20
इनकी,41
पाठ,0
तैनाती,20
बताई,23
गन्ना,23
बालक,52
तकनीकी,45
उपस्थिति,52
वही,41
लक्ष्मी,55
जुर्माना,20
उपयोग,166
संगठनों,52
कमिश्नर,50
वित्तीय,52
जुट,43
निकलने,44
जैसी,51
धरने,41
उम्र,64
साथी,23
प्रतिभा,52
जगहों,41
समूह,119
आवश्यकता,37
रक्षा,52
बतौर,92
वित्त,52
भरने,41
श्रद्धालु,55
डालने,23
प्रदूषण,0
पौधे,76
दौर,23
सर्वे,190
कंप्यूटर,52
टूट,43
घटनास्थल,28
चाहते,23
बकाया,23
हवा,23
महत्व,0
अभिषेक,52
भजन,41
सुधीर,198
गुप्त,52
आजाद,35
प्रेरित,58
लुधियाना,23
दिखा,33
अनशन,41
बाधित,52
पकड़ा,23
बजाय,23
लगता,23
सामुदायिक,52
छोड़कर,88
सीधे,44
अलीगढ़,84
जाच,23
हमले,81
रफ्तार,20
आना,23
तेल,23
विधि,52
स्वच्छ,52
बदल,41
दुकानें,20
पशुओं,10
पहुंचाने,4
पेट्रोल,102
उठाने,33
इसको,86
वंचित,52
अंत,52
अधिनियम,52
बुरी,23
एकड़,60
भेजी,68
आशीष,117
पूर्वी,16
प्रधानाध्यापक,52
खाना,23
पाकर,23
गौरतलब,12
चुनावी,118
विकेट,85
आश्रम,117
उत्साह,52
बेहद,74
कहां,86
रोशन,152
पंप,0
क्षतिग्रस्त,91
मूल्य,49
संस्कार,52
महज,41
चिकित्सालय,52
मृत,0
ट्रेनों,21
रोज,32
छोटी,88
साथियों,46
लंबित,52
बेचने,4
वक्ताओं,52
बढ़ती,132
आपदा,23
कारोबार,20
हिमाचल,31
बाकी,23
प्रारंभ,52
हिसाब,20
नजदीक,45
कराकर,23
प्रार्थना,52
कुलपति,83
पुतला,0
दिक्कत,79
मुलाकात,95
धूप,0
इंचार्ज,30
भेजने,68
सोसायटी,21
लड़कियों,46
मतगणना,23
देता,23
जिम्मेदार,20
इतनी,41
मेहता,23
नियम,52
सार्वजनिक,52
सर्जन,190
जायेगी,33
कांड,12
कोषाध्यक्ष,52
स्कूली,21
पुष्टि,52
पड़ेगा,33
अखिल,72
अच्छा,4
अनाज,23
धर्मशाला,23
बीमा,23
कानूनी,20
मात्रा,52
वीरेंद्र,55
समस्याएं,52
विहार,55
आवागमन,185
खतरा,23
प्रतिनिधियों,52
रखते,41
मांगा,12
भरे,82
लें,41
विद्या,52
फुटपाथ,23
मजदूरी,146
श्रेणी,52
कौन,29
यमुना,118
खोलने,88
सुंदर,52
चीनी,29
मारकर,23
भ्रमण,0
आत्महत्या,52
पोल,23
नागरिक,52
अंचल,0
जिनमें,51
चयनित,0
लेंगे,33
ससुराल,23
सामूहिक,52
रक्तदान,52
जुटे,43
निकालने,52
पदक,41
मिलती,90
महंगाई,9
चिंता,188
क्षमता,37
निर्मल,52
समर्थकों,37
गोदाम,23
आक्रोशित,166
मुंह,0
भाव,52
फायदा,2
कौशल,83
पत्रकारों,52
अमर,41
मुद्दे,95
अंकित,52
पीड़िता,153
अच्छे,4
प्रदर्शनी,52
बृहस्पतिवार,157
टूर्नामेंट,69
फसलों,41
काली,52
निगरानी,52
न्यायाधीश,52
स्वरूप,16
कार्यवाही,52
याचिका,52
भरोसा,82
भेंट,43
भेजे,68
समुदाय,52
अनुसूचित,52
घंटों,136
पहुंचाया,4
हाथों,23
गुणवत्ता,52
बांध,23
करायी,23
कस्बा,23
एडवोकेट,21
ढाई,23
नाटक,23
धीरे,82
दुरुस्त,141
रुपया,134
फूल,23
हमारी,23
मानदेय,52
सकेंगे,33
गुरुद्वारा,42
उनमें,86
सागर,23
ममता,23
बदलाव,7
गिरने,44
व्यवसायी,52
मेहनत,169
सेवक,52
बुलाया,33
संध्या,52
कूड़ा,23
अभ्यर्थियों,52
परीक्षण,52
काटने,23
इंतजाम,20
हरी,23
फैसले,2
मना,23
हथियार,20
दफ्तर,0
पर्यटन,66
धूमधाम,20
पर्याप्त,52
घेराव,23
पुरस्कृत,25
सौंपी,68
स्वर्ण,28
मेरे,23
स्व,23
ऑटो,86
टाटा,23
फीस,51
शाह,23
सदन,41
प्राथमिकता,52
पूनम,0
भव्य,0
मोहल्ले,17
कैलाश,55
कलाकारों,23
सत्ता,23
आरती,187
संगीत,52
पश्चिम,28
टीमों,43
प्रभाव,52
अस्पतालों,154
संसाधन,52
त्यागी,52
भारद्वाज,55
लड़ाई,23
बेटा,23
विशेषज्ञ,52
तत्कालीन,52
नामक,23
लापता,23
बोल,88
निकली,104
दीवार,20
खाता,23
शुरु,157
पत्थर,10
राजमार्ग,30
शिक्षण,52
राजधानी,55
उपरांत,13
राज्यों,52
देखरेख,44
जोड़ने,88
डाक्टरों,154
रेखा,44
साहब,23
अवकाश,7
रुप,0
बच्चा,4
सड़क,10
भरी,82
व्याप्त,52
आपसी,41
अगुवाई,157
चावल,23
भले,23
संपत्ति,52
औद्योगिक,166
बढ़ी,132
पश्चिमी,28
दर्द,114
रोजाना,20
रखकर,41
जिन्हें,53
आभार,89
वरीय,0
सारी,23
बताए,33
चलता,23
इनका,23
कायम,23
एकता,23
सुनाई,29
दलों,41
हादसा,2
पूछा,101
हवाले,23
डॉक्टरों,154
राख,23
मुस्लिम,120
नाराजगी,20
मंत्रालय,52
सलाह,23
अनुदान,52
निधन,0
रणनीति,0
सूरज,23
गोष्ठी,28
मुझे,53
नये,41
छूट,43
श्रद्धांजलि,55
बहाल,23
जुटी,43
बीमार,20
स्वीकृति,52
कंपनियों,52
मंदिरों,179
लीटर,131
तीसरा,34
कपड़े,139
भागने,89
भक्ति,0
प्रेस,21
इतिहास,20
दिलाया,23
समझ,41
गड़बड़ी,41
विकसित,52
हित,0
पड़ताल,2
अमन,41
बढ़ावा,132
शोक,23
सहमति,192
फीसदी,63
बिहारी,55
मुहल्ला,17
सूबे,23
सकें,130
समान,23
शोभायात्रा,52
वातावरण,76
जाएंगी,33
दुनिया,33
अपराधी,52
प्रेमी,58
लाठी,0
जानी,23
कीर्तन,5
अंग्रेजी,9
खरीदने,44
परिवर्तन,52
तोड़कर,88
स्वीकृत,52
उत्पन्न,52
भावना,52
उतर,41
माने,23
राज्यपाल,52
अभिभावक,52
आरंभ,107
नागरिकों,52
घुस,23
नाला,23
अधिकतर,83
बदले,41
चोट,43
बदलने,41
छुट्टी,25
बैठा,129
कार्यपालक,52
अक्सर,97
विगत,0
हों,86
खून,94
आचार्य,52
पीड़ितों,153
सत्यापन,52
समन्वयक,83
व्यवहार,52
लिखे,44
सुनने,29
जाया,23
मूल,49
अवधेश,170
मुहिम,79
बीएसए,14
मूल्यांकन,49
हड़कंप,0
गुजर,128
दायर,23
पढ़ने,132
निलंबित,52
हत्याकांड,96
बीमारियों,20
पोलियो,32
न्यूनतम,49
क्रय,0
वर्षा,28
बुजुर्ग,42
पैर,23
कराना,23
तैयारियां,20
भूषण,3
नीतियों,158
करवाए,33
बंसल,23
सचिन,29
अथवा,7
आवासीय,185
मांगे,12
मानें,33
करोड़ों,10
सफर,41
भाषा,52
प्रस्तुति,52
रहना,23
आयु,36
गतिविधियों,52
दीक्षित,52
चौराहा,6
दर्जा,23
ऑनलाइन,30
जलकर,41
दीपावली,47
हस्ताक्षर,52
नाराज,55
खोल,23
तलाशी,23
फांसी,12
दाम,23
समाचार,52
दिखाया,33
बनकर,41
अंतरराष्ट्रीय,52
शिरकत,148
निशान,124
तनाव,23
बाग,23
सुनकर,29
विवाहिता,52
सदस्यता,52
मैनपुरी,17
तैयारियों,20
फैल,23
आवंटन,185
चंदन,23
डीजल,14
नशा,23
कविता,20
दरअसल,41
देरी,23
ऊर्जा,24
कोतवाल,17
बसें,41
मान्यता,52
जोरदार,20
देहात,23
सालों,23
अदा,23
प्रावधान,52
महाप्रबंधक,52
संस्थाओं,52
कपूर,23
प्रगति,0
पंजीकरण,52
छापामारी,59
सोच,156
मालूम,26
सीटों,43
पदार्थ,52
दलित,93
गले,23
पचास,23
रोका,23
उत्सव,47
विश्वकर्मा,52
बाजारों,20
बैठ,129
बदायूं,23
बाहरी,7
प्रस्तावित,52
डेंगू,142
परीक्षार्थी,52
कारणों,97
स्वीकार,52
ललित,0
केन्द्रों,52
कागजात,20
मूर्ति,16
राष्ट्रपति,52
मनमानी,23
सेवानिवृत्त,52
दहशत,41
समाजसेवी,52
कार्यकारी,52
महसूस,156
चलाई,23
चाय,23
थानों,124
खरीदारी,20
अर्पित,52
सारे,23
उम्मीदवारों,20
मस्जिद,179
महानगर,23
सेवाएं,52
बगैर,51
खेलों,10
शिकायतों,20
विदेशी,170
मानसिक,52
अनुपस्थित,52
पड़ने,41
चुना,118
करार,23
लिहाजा,20
आखिर,92
घरेलू,72
मुजफ्फरपुर,84
हिदायत,20
डाक,23
धाम,23
एकत्र,0
पीटा,23
पारा,23
सेहत,11
शिकायतें,20
ट्रैक,32
आसमान,7
योजनाएं,52
सिलसिला,20
देती,23
राहगीरों,52
वकील,23
पुराना,42
कार्यकाल,52
लक्ष्मण,55
पेपर,66
गिरी,55
मनाने,23
बचने,41
निवास,52
सहारा,23
आवंटित,185
मांगने,12
शरण,41
आयी,41
एकत्रित,52
पड़ोसी,62
श्रम,117
सेमिनार,20
बंगाल,23
प्रणाली,52
व्यक्तियों,52
गलियों,10
विमर्श,52
सूर्य,78
मचा,23
आग्रह,0
मनोहर,23
अधिकतम,83
पंजाबी,31
काला,23
सौरभ,198
बंदी,114
उल्लेखनीय,49
चुनौती,158
प्रांगण,5
हार,23
पाते,23
इंकार,23
दिल,114
जिंदगी,125
प्रसार,52
परमजीत,187
किरण,23
परिचय,0
खोला,23
पानीपत,23
जवाहर,7
श्रमिकों,52
अवतार,46
वृद्ध,52
पंजीकृत,52
त्योहार,47
आधारित,52
वैज्ञानिक,52
अनदेखी,44
तले,23
स्वतंत्रता,52
सारा,23
गाड़ियों,10
कहने,156
थोड़ी,88
ठोस,23
चलेगा,33
ग्राहकों,52
शिशु,27
मुफ्त,79
पकड़ने,60
नाबालिग,52
मृतका,8
परीक्षार्थियों,52
बीती,74
फेंक,54
अंतर,52
पाली,23
मृत्यु,78
द्वार,20
विकलांग,166
साजिश,20
स्मृति,52
कलश,41
भीषण,0
सर्विस,21
काउंटर,52
अवधि,167
मंजू,26
तीस,63
समस्त,39
टीमें,43
बालू,23
स्नान,23
राष्ट्र,52
कुरुक्षेत्र,52
डाली,23
बचा,7
संगत,135
भक्त,0
प्रकट,0
बारह,63
आंखों,137
चेहरे,6
स्थायी,52
शिनाख्त,20
तारीख,73
बनवाने,23
भोला,89
सुझाव,52
चलाए,33
बर्बाद,35
सचिवालय,93
संज्ञान,52
बहिष्कार,52
मारी,20
प्रेरणा,52
बांका,23
शारीरिक,52
व्यापक,52
पड़ती,41
हमारा,23
कामना,23
उत्पीड़न,153
समाजवादी,52
सहकारी,52
मुक्ति,52
प्रतिभागियों,52
कैद,51
समझा,23
विदेश,170
नकल,41
सायं,9
जिनके,51
हमीरपुर,84
तत्वों,0
अनियमितता,52
पंच,4
सख्ती,23
बुरा,23
चांदी,23
चन्द्र,55
स्टोर,30
वीर,64
बीत,74
हवन,41
निधि,52
नगरपालिका,52
मौलाना,120
लघु,36
नायक,23
छेड़छाड़,59
हादसों,2
पंचायती,31
देखी,44
गार्ड,30
सराहना,23
शुरूआत,157
गश्त,23
अनिवार्य,52
संग,52
रिक्त,52
वेलफेयर,21
चुनावों,118
पटरी,41
खुला,23
कैमरे,51
मौजूदा,87
पारित,52
मंगल,23
विजयी,98
मौजूदगी,87
समझौता,158
रखना,23
पार्षदों,52
नरेन्द्र,55
बैठने,129
शानदार,20
सुरजीत,198
बर्दाश्त,20
होंगी,33
रोशनी,152
इतने,41
आसानी,23
देवघर,23
लगते,41
चेन,23
संसदीय,52
अभियुक्त,52
सरदार,23
दान,23
डालकर,23
कार्यालयों,52
सैनिक,70
खुली,23
जबरन,41
नोट,43
रिक्शा,124
शोभा,23
दक्षिण,28
तलब,41
पट्टी,23
ग्रेटर,32
स्थलों,28
गाय,23
आपस,41
चाहती,23
सीडीओ,14
कमजोर,146
भाषण,89
बराबर,186
परेशानियों,20
निरस्त,52
मायके,23
हिंदू,38
रखें,41
तस्करी,0
पलट,41
अनियंत्रित,52
टेंपो,32
पहुंचते,4
ऐतिहासिक,20
वंदना,9
पेट,43
विशिष्ट,52
रेट,43
बागपत,23
मेरी,23
दरवाजे,147
खारिज,20
छोटा,88
हैंडपंप,30
बुखार,84
ढेर,23
उसको,86
नाली,23
राह,23
कवायद,2
रहें,41
छावनी,23
नष्ट,122
कप्तान,23
पौधरोपण,76
मशक्कत,11
पश्चात,193
आजादी,35
शिक्षिका,52
शशि,148
आस्था,23
मनाई,23
गाजीपुर,84
कचहरी,41
बनाना,23
बढ़ता,132
घटनाएं,52
हटा,23
ज्यादातर,20
पत्रों,52
खेला,23
दिखाकर,33
आधुनिक,70
उदय,41
प्रभात,52
प्रतिनिधिमंडल,52
उल्लंघन,49
यहीं,86
उठाए,33
प्रकाशित,52
हिंदी,38
मुकाबला,95
एकजुट,122
गईं,9
अमल,41
सहारे,23
उठे,41
सेंट्रल,21
खेलकूद,87
आधे,41
मोहित,0
शहरों,41
हुये,86
कबड्डी,30
संस्थानों,52
बोले,88
अगली,41
अधिग्रहण,0
सास,23
छापा,23
कैंसर,22
मुहल्ले,17
गिरा,55
दिखे,44
लेखपाल,44
खतरे,41
सलाहकार,20
आलू,23
लकड़ी,139
कोयला,23
सड़कें,41
छात्रवृत्ति,52
पोस्टर,30
प्रजापति,52
कुशीनगर,198
अनुरूप,0
भाइयों,46
काटकर,23
संहिता,52
छीन,29
भूख,94
हटाया,23
क्षति,0
पीछा,23
सेल्सियस,21
सूचित,52
उपकरण,41
चित्र,52
रंजिश,179
स्वस्थ,52
अतिथियों,93
सांस,12
नींद,106
सभासद,52
उपजिलाधिकारी,52
अल्पसंख्यक,52
गाली,23
लूटपाट,59
सत्संग,52
बंधक,52
क्विंटल,18
तकरीबन,74
रूपये,134
चाहे,23
हिस्से,79
ठेका,51
प्रांतीय,5
निकालकर,52
निश्चित,52
बदला,7
बचाओ,23
दौरे,23
शांतिपूर्ण,16
बिलासपुर,84
प्रकोष्ठ,28
शोषण,0
नमाज,23
गर्म,89
बुलंदशहर,74
साइंस,21
दबोच,4
मानक,23
जीता,23
गौर,12
नायब,23
नकद,41
कवि,148
महीनों,29
मित्र,52
बढ़ते,132
सर्व,190
महादेव,55
बढ़ोतरी,132
सर्दी,197
वासियों,52
उपलक्ष्य,52
चलें,41
दूबे,23
विवश,148
पंद्रह,63
प्रसिद्ध,52
दशा,23
मासूम,26
मार्गो,30
दाखिला,33
संरक्षक,0
डेरा,23
सेवन,32
सर्वाधिक,52
फाटक,23
मारा,23
नारे,124
गोल,23
नवरात्र,52
पात्र,52
रोगियों,183
करंट,43
उठाई,33
चुने,29
दर्शकों,170
अभय,41
किराया,20
विस्तृत,52
गावों,23
शैक्षणिक,52
नलकूप,0
संस्कृत,52
झुलस,15
तकनीक,45
जेवर,23
मांगें,12
समर्थक,37
पूछे,101
अनुरोध,52
सुख,94
प्रशांत,5
दरभंगा,9
रहकर,41
उठाकर,33
पहलवान,52
सवा,23
निशाना,124
अवस्था,23
समर्पित,52
देगी,33
विदाई,52
वार्डो,30
जनप्रतिनिधियों,52
सर्वसम्मति,0
अति,148
निकाय,52
चलाकर,23
लाकर,23
बारी,23
गणित,0
नतीजा,23
नालियों,46
विषयों,0
व्यस्त,91
आकाश,46
जिन्होंने,53
बनाये,23
महात्मा,46
संदर्भ,52
प्रतियोगिताओं,52
दोस्त,177
दशक,41
गर्भवती,89
चाकू,23
मालिकों,52
स्थगित,52
लाश,23
हाजी,120
इटावा,23
बढ़ाया,132
टोल,23
घुसकर,23
खुल,23
पत्रकार,52
प्लान,32
तालाबों,23
जेब,23
फूंका,54
अवश्य,0
आचार,52
संचालकों,52
परिस्थितियों,52
दबिश,170
कितने,51
टूटी,43
संगीता,5
बैठकर,129
कुंवर,198
जहर,41
पुलिसकर्मियों,25
पुलिया,23
विष्णु,78
बीएलओ,14
टीकाकरण,23
कार्यों,52
वेबसाइट,21
फंसे,54
चलती,41
गन्ने,32
वापसी,7
मैन,50
झंडी,23
फिरोजपुर,84
सिख,52
प्रसव,0
गंदा,23
खाद्यान्न,20
उत्पाद,52
सराहनीय,52
जल्दी,114
दिखाने,33
सूरत,94
गुजरने,128
आएगी,41
जगत,41
यानी,23
हराया,23
मुद्दों,95
संवेदनशील,52
बगल,41
भेजकर,68
रिश्तेदार,79
फीट,63
वैन,32
शिलान्यास,52
दायित्व,52
कैंट,43
जुड़ी,23
पर्चा,4
तस्वीर,64
जाट,23
परिचालन,52
फीडर,30
कराते,23
हेक्टेयर,21
अनुज,0
जताते,23
गला,23
खातून,120
लुटेरों,75
डाले,23
कामकाज,20
सुनी,29
मानना,23
अभ्यर्थी,52
किल्लत,79
मिलाकर,33
आबकारी,52
दंडाधिकारी,52
शोध,52
मारे,23
खुलने,90
देगा,33
मुकदमे,95
ससुर,23
सील,23
घंटा,136
निंदा,188
लगेगा,33
मिलन,90
ध्वस्त,91
उच्चाधिकारियों,52
पथराव,23
तीसरी,34
रेवाड़ी,23
आतंकी,81
निदान,52
सत्य,0
आत्मा,46
लेन,32
विरूद्ध,52
मनोरंजन,52
हकीकत,11
प्रखंडों,31
महासंघ,52
आपराधिक,52
कलाकार,23
लड़के,178
वेद,114
ओझा,23
आला,23
घोटाले,23
निपटने,44
खेलने,44
भागवत,89
सीता,23
साधन,52
पिछड़ा,74
विमल,23
कैबिनेट,21
बवाल,23
नितिन,104
साहित्य,52
मामूली,52
अकादमी,189
चाहता,23
बेच,4
लाई,157
पसंद,114
रजिस्ट्रेशन,21
स्नातक,52
बसंत,9
राज्यमंत्री,52
हवाई,23
जाये,23
गठबंधन,164
गणमान्य,52
विधायकों,52
जानने,23
कहकर,41
रामचंद्र,55
चौथे,6
इंटरनेशनल,100
हर्ष,52
सदस्यीय,0
चार्ज,30
शाही,23
भागीदारी,52
जानलेवा,20
कराएं,33
माफिया,33
आगमन,41
आएंगे,33
मंजूर,26
मंचन,0
पुस्तक,25
पूर्ति,16
श्रद्धा,55
कंबल,23
लिपिक,56
छोड़ने,88
विक्रेता,52
लंगर,9
ताले,23
उतार,23
देखे,44
मिठाई,61
कटान,23
गोस्वामी,52
जलापूर्ति,16
लगाना,23
कारोबारी,20
दिनभर,29
दसवीं,41
जैसा,51
महासभा,52
जलभराव,23
दिलाई,23
ग्यारह,63
तिलक,23
खासकर,97
परंपरा,52
मेरा,23
माल्यार्पण,52
मानते,23
बीबी,14
उपमंडल,52
खुर्द,42
चाचा,23
तब्दील,114
आधी,41
मासिक,52
इंस्टीट्यूट,100
जीटी,14
ऊधमपुर,84
स्पष्टीकरण,52
कोहराम,88
फटकार,20
लोगो,183
प्यार,20
कामयाब,20
कमला,23
पुलिसकर्मी,25
बाला,23
देशों,170
रजिस्टर,32
कूड़े,23
तोड़फोड़,59
दक्षिणी,28
आसान,23
दमकल,41
भूकंप,184
बुलाकर,33
व्यवसाय,52
बाधा,9
आपत्ति,0
होश,27
ग्राहक,52
विधिक,52
जागरुकता,20
अनुराग,198
काटा,23
मजबूती,146
बताने,23
प्रदर्शनकारियों,52
दुख,94
हरकत,41
पहाड़ी,23
प्रतिबंध,52
लिखकर,44
संविदा,52
गुलाब,84
बेटियों,10
प्रमाणपत्र,52
गुजरात,128
दोषियों,96
सटे,32
अधीन,29
वाद,52
वकीलों,23
तोड़ने,88
जेवरात,23
संसद,52
आशीर्वाद,52
पौधों,76
कोहरे,88
जलस्तर,0
शुद्ध,52
चैंपियनशिप,56
रक्त,23
बचे,41
भीम,89
सरिता,23
वादा,23
चलना,23
निभाई,33
प्रतीक,5
धोखाधड़ी,59
ठगी,41
उत्तम,0
बजाए,33
उजागर,23
सवारी,23
पाठशाला,52
लौटने,75
सुबोध,198
उत्तरी,0
सेवाओं,52
दूषित,0
काले,23
अविलंब,52
हमने,41
ऊना,23
बेरोजगार,20
आदिवासी,52
कर्ज,23
बेहोश,27
लाभार्थियों,52
विकल्प,52
बीए,14
जोड़ा,23
वार,23
रसोई,23
बातों,10
गुस्सा,141
बनता,23
लड़ने,60
शहीदों,114
समस्तीपुर,84
संशोधन,52
जरिये,97
गीतों,5
अंधेरे,9
करेंगी,33
पक्का,23
योग्य,166
समुचित,52
चौकीदार,20
पंडाल,31
सराय,23
पुष्पा,76
टैंकर,43
शारदा,23
इन्कार,23
विपरीत,5
धीरज,23
सैनिकों,70
निर्वाचित,52
विलंब,52
कमर,41
ज्ञात,52
सूत्री,52
पेड़ों,76
गिरकर,23
एजेंसियों,54
मकसद,41
नकली,41
दावे,23
तर्ज,23
रोटी,32
प्राकृतिक,52
निष्पादन,52
चिन्हित,52
करोड़,88
अनुसंधान,52
टंकी,23
वासी,52
खोले,23
खुश,27
घनश्याम,55
जिनका,51
सहनी,41
शौच,6
कहानी,52
अड्डा,10
धरती,41
हाजिर,20
लगती,41
उपेक्षा,52
कूद,195
मलेरिया,23
आपको,86
बुझाने,33
पवित्र,52
कचरा,23
सेविका,52
जनहित,0
कुर्सी,17
बनेगा,33
आकर्षक,0
सकारात्मक,52
आकर्षण,0
नालों,46
घूम,15
नारी,23
निष्पक्ष,52
श्रीमती,5
लटका,23
जिनकी,51
बोतल,19
नोडल,0
शिक्षित,52
पोषण,0
धाराओं,52
प्रवचन,58
बुलंद,74
प्रधानों,52
मेजर,32
सीडीपीओ,14
अनुमान,52
रंगारंग,9
रुक,195
प्रकोप,52
निषाद,52
कितना,51
छाया,23
दरोगा,19
कुश्ती,17
प्रभावी,52
लोकतंत्र,52
समितियों,93
अव्वल,148
गंदे,114
विश्वनाथ,52
बांटे,43
नगदी,167
गुरूवार,157
प्रीति,5
बोझ,15
मुख्यातिथि,93
उपाय,23
पराजित,52
भरपूर,146
भार,23
टूटने,43
पूर्वक,16
प्रशिक्षक,52
सर्किट,32
बल्लेबाजी,126
निर्मित,52
धर्मपाल,55
प्रोग्राम,30
बरकरार,7
भेदभाव,52
जनसंपर्क,52
हाथी,23
भरकर,41
काटे,23
कपड़ा,139
अन्यथा,193
पान,23
त्वरित,52
भवनों,41
रुचि,172
इत्यादि,52
फुटबाल,69
व्यय,0
बनाते,23
प्वाइंट,30
झगड़ा,23
पदोन्नति,0
डकैती,23
लगाये,23
समझाने,23
पहिया,20
फेडरेशन,130
हमलावरों,52
लालू,23
सोना,23
लौटा,75
पीढ़ी,110
रेस,32
पूछने,101
बीघा,136
पुख्ता,20
दवाओं,10
आंधी,23
अपेक्षा,52
सुधारने,52
अध्ययन,83
अन्तर्गत,52
जंग,9
सिरे,23
धक्का,23
पड़ोस,62
चिकित्साधिकारी,52
व्रत,0
चतुर्थ,42
लड़कों,41
कच्ची,4
निदेशालय,52
उपलब्धि,52
संविधान,52
गढ़वा,84
इंद्रजीत,55
केन्द्रीय,52
झंडा,23
लहर,41
मंशा,9
प्राप्ति,52
क्षेत्राधिकारी,52
पुजारी,55
उद्यान,23
स्टेशनों,21
तंग,9
चढ़कर,132
आरक्षित,52
खिताब,20
अधिकारों,52
नगरी,41
किलोग्राम,131
धूल,89
छोड़ा,88
अक्षय,0
पीठ,0
जलाकर,23
रंगदारी,20
संस्थापक,52
बहाने,23
स्थानांतरण,52
दबोचा,23
कतार,23
देशी,170
चोटें,43
किंतु,13
वर्षों,28
गलती,41
दिक्कतों,79
डोर,23
सीधा,44
दुमका,23
इन्होंने,53
तारों,10
घाटों,23
परीक्षाओं,52
कर्नल,32
बढ़कर,132
हॉल,32
कहासुनी,29
निर्माणाधीन,52
उग्र,0
ठेके,51
कड़े,60
मौन,29
विधवा,20
जनप्रतिनिधि,52
तबादला,23
दंपती,9
पैमाने,20
रजनीश,113
बुलाई,157
बिगड़,74
आदेशों,170
भंडारी,23
आमंत्रित,52
सुचारू,52
निवासियों,52
मैंने,53
पाक,23
अलाव,23
आरएस,41
मानी,23
गायक,23
उपकेंद्र,52
कारतूस,23
सीटें,43
दबंगों,9
बढ़ाकर,132
कराये,23
आवाजाही,20
हल्की,23
गणतंत्र,52
सुन,29
हृदय,0
आभूषण,0
निरंजन,52
लौटे,75
शेर,23
किराए,20
मंजिल,179
पिछली,34
वसूल,23
इस्लाम,120
संदेह,52
पाती,52
सेवकों,52
कमरों,41
निर्देशों,52
दहन,41
हीरा,23
पकड़कर,41
निशा,124
पर्स,66
ट्रकों,43
उन्हीं,53
तस्करों,0
खोज,68
दाल,23
अनुभव,83
महान,46
मुआयना,95
टकरा,23
चांद,23
संबोधन,52
एड्स,14
गाड़ियां,10
कटाई,23
उतरने,41
आफिस,51
निर्देशित,52
बीईओ,14
मेल,23
पारिवारिक,52
जला,23
कमान,23
गोद,23
महायज्ञ,187
निरंतर,52
परन्तु,13
मतों,167
ताकत,23
अमेरिका,85
गहरा,23
पार्टियों,52
आरोपों,96
भूल,89
चिह्नित,52
शैक्षिक,52
नेत्र,1
स्मारक,52
गरीबी,74
कागज,23
विसर्जन,190
माला,23
इजाफा,2
मकानों,124
भगवती,39
संपूर्ण,16
चुरा,23
निर्धारण,52
इच्छा,193
मजबूरी,146
लाए,33
प्रारंभिक,52
बदहाल,2
ऋषि,148
चूंकि,160
प्रीतम,5
ठेकेदारों,20
अमृत,0
उतरे,41
इंसान,20
खुदाई,20
तमंचा,4
आएगा,23
सकेगी,33
जिम्मा,20
पर्यवेक्षक,52
कितनी,51
बृजेश,5
काशी,55
नम्बर,119
हलका,23
निकाले,52
चौराहों,6
पढ़ें,132
टूटा,23
घेर,23
विशेषज्ञों,52
एलान,23
हितों,46
जिम्मेवारी,20
दुर्घटनाओं,42
हस्तक्षेप,52
उठाना,33
अस्तित्व,52
दृष्टि,52
गुलाम,120
भंडारे,23
उड़ा,7
विपक्ष,28
मचाया,23
बेहाल,2
रसीद,114
सिपाहियों,52
हवाला,23
निशुल्क,49
गौड़,23
मुआवजे,95
कैदियों,51
डीडीसी,14
डाकघर,10
बाध्य,52
कांस्टेबल,21
भंग,89
फौजी,23
मुलायम,120
बाजी,20
अभ्यास,52
पुष्प,76
बहाली,23
भांति,5
सोलर,32
बहस,41
कथित,52
जीतने,74
रजनी,41
अपराह्न,57
मैट्रिक,21
मधु,23
रमजान,23
फैली,2
पुरुषों,42
उदासीनता,52
पर्ची,4
बहनों,46
संचार,52
धारण,23
व्यवसायियों,52
इन्हीं,53
पकड़ी,41
चिन्ह,52
संगोष्ठी,28
निराकरण,52
जुटा,33
पर्यटकों,66
खराबी,23
घटिया,23
दोनो,86
संभाल,52
इंटरनेट,100
मछली,41
आयकर,41
प्रयासों,52
निर्देशन,52
रोगी,183
उठाते,33
आपके,86
भैंस,23
अगवा,23
आखिरी,92
हमलावर,52
चापाकल,23
उठानी,33
पोशाक,27
पहाड़,23
परीक्षाएं,52
शिकायतकर्ता,20
बर्तन,119
धर्मेन्द्र,55
संसाधनों,52
तुलना,23
इमारत,23
सीमित,52
राखी,23
बढ़े,132
उत्थान,52
यूं,86
सेठ,23
मानसून,20
प्रवीन,5
सफेद,114
बनती,41
दवाएं,33
एयरपोर्ट,161
दिवाकर,55
जोड़,23
भोग,89
निर्गत,52
उमड़,60
तीर्थ,42
जीव,48
प्रताड़ित,153
दायरे,23
प्रोत्साहन,52
साक्षात्कार,52
सावन,23
कहर,41
शर्त,23
फरमान,23
कड़ा,23
छिड़काव,33
मचाने,23
ब्याज,61
क्रांति,5
जलाने,23
नवजात,52
निर्णायक,52
लोहे,23
अंदाजा,20
कल्पना,52
बचत,41
गिरावट,55
आतंक,81
बढ़ाई,132
पूर्णिमा,16
प्रोत्साहित,52
जिक्र,120
नक्सली,81
मुसीबत,79
प्रभार,52
कारोबारियों,20
रोगों,183
निर्मला,52
सुना,29
माले,23
विधिवत,52
साधना,23
पीडब्ल्यूडी,14
जिंदा,188
तिराहे,23
सापेक्ष,52
हिन्दी,38
कहती,41
जनजाति,52
कारावास,52
तफरी,41
फैला,2
संकेत,52
बड़ी,60
सघन,41
युवतियों,165
फूलों,10
विवरण,0
हथियारों,20
हिस्सों,79
सम्भल,0
नजारा,23
जनसंख्या,52
अभियुक्तों,52
घटे,41
नक्सलियों,81
बुजुर्गो,42
वृद्धा,52
मिलेंगे,33
प्रिया,23
प्रमंडल,52
उत्तीर्ण,52
बैठी,129
कमाई,23
युद्ध,52
अधूरा,23
वृक्ष,76
केशव,23
इमाम,23
टूटे,43
हलके,41
डंडे,23
कक्षाओं,28
जोकि,32
खामियाजा,20
लावारिस,52
बिल्कुल,111
परेड,66
फैलने,2
नर्सरी,171
जुड़ा,23
नियमानुसार,52
जनसभा,23
शाहिद,120
लूटने,43
सबको,86
कैदी,51
उत्क्रमित,91
निवारण,52
घाटी,23
देखभाल,44
उतरी,41
नदियों,46
छात्रावास,52
निर्भर,52
कीमती,167
चलेगी,33
संभावित,52
मेहमान,52
ट्यूबवेल,67
कोठी,0
उदाहरण,23
सोलन,23
ईमानदारी,20
चलकर,41
झेल,15
गुस्साए,141
अकेले,72
महकमे,41
बीआरसी,14
फैलाने,2
दाखिले,33
प्रकृति,0
कांफ्रेंस,21
प्राचार्या,52
खाक,23
गायन,23
युग,46
किराये,20
बाप,23
प्लास्टिक,21
परिषदीय,66
हरा,23
एजेंट,43
जिसको,51
खतरनाक,2
धीमी,23
कोचिंग,30
रखरखाव,7
वारदातों,2
जश्न,23
अनुपालन,52
समझौते,158
विदित,52
जीतकर,5
आठवीं,41
गोलियां,10
भड़क,41
सन्नाटा,23
कर्म,0
दलाल,23
प्रशंसा,52
डेयरी,18
शिकंजा,20
कुंदन,198
बताकर,23
ट्रेनें,21
दिसम्बर,39
बोली,23
मिलीभगत,11
भ्रूण,52
बारात,23
तुलसी,0
सुनाया,29
सच्चाई,4
अखंड,52
उपेंद्र,55
रखेंगे,33
व्यक्तिगत,52
उर्मिला,120
परिक्रमा,52
अनुशासन,52
कार्यप्रणाली,52
चेतना,0
कपड़ों,41
आगाज,23
अधिसूचना,52
गोला,23
बहू,36
भगा,23
झील,15
ठोकर,23
कर्तव्य,52
चौपाल,6
खाई,23
अश्विनी,5
वजन,41
कुएं,23
सवालों,46
रजा,23
धूम,89
परमात्मा,46
भरोसे,82
नाकाम,20
प्रतिबंधित,52
रवैया,23
गहरी,41
तारा,23
देखना,44
पाएगा,33
करवाकर,23
धनंजय,9
रवैये,23
अर्जी,23
टैक्सी,21
सम्पन्न,52
धारकों,52
टोली,23
बेहतरीन,74
कोट,43
जाल,23
मूलभूत,49
बिक,23
पायी,23
रोकथाम,20
लिखी,44
गूंज,19
शकील,23
डूब,23
जीते,5
रचना,23
वसूला,23
कालोनियों,17
कंचन,0
वैश्य,78
सिद्ध,52
गिरि,55
परिचालक,52
तंत्र,52
निपटारा,52
शातिर,20
विफल,0
बेंच,4
जरूरतमंद,163
कुलवंत,198
स्थानांतरित,52
चालीस,63
साक्ष्य,52
ऐलान,23
मोह,0
पाये,23
सेमीफाइनल,69
रोटरी,32
हिम्मत,11
लगायी,23
इकट्ठा,122
बेरोजगारों,20
हरियाली,23
बनना,23
सावित्री,55
पड़ते,41
चलाते,23
जन्मदिन,47
पुरुषोत्तम,42
रेत,23
हराकर,23
ख्याल,23
कालाबाजारी,20
महकमा,23
वर्दी,23
चहल,41
प्रतिवेदन,52
नौजवान,52
विद्युतीकरण,52
बांटा,23
जायेंगे,33
देसी,170
वैदिक,52
शवों,41
आयोजक,166
गवाह,23
नाजुक,20
शब्द,114
इस्तीफा,20
निशानदेही,124
पदार्थो,52
गुलशन,23
पुस्तकालय,25
दोस्तों,177
सतर्कता,37
खेलते,44
विक्रेताओं,52
हॉकी,160
कन्नौज,17
धांधली,9
समन्वय,83
खेले,23
अंधेरा,9
कीचड़,167
अंदाज,20
शिकायती,20
तमंचे,4
कार्यभार,52
दून,39
आखिरकार,92
जबरदस्त,23
वीरभद्र,55
सौंपने,68
प्रदेशाध्यक्ष,52
निकलना,52
कर्ण,0
कठिन,29
मवेशी,170
मेधावी,52
कृपा,23
रिकॉर्ड,30
दामों,23
जितनी,51
विश्राम,52
वर्करों,10
जंगली,9
दूसरों,97
सर्वेश,190
क्लीनिक,85
चरित्र,52
बीडीसी,14
सीमेंट,43
अबतक,41
मंत्रियों,52
एकमात्र,52
खरीदा,20
स्थाई,52
अश्लील,49
भुगतना,89
हाजिरी,20
खोजबीन,27
मरने,41
बुला,23
पांव,12
नवम्बर,39
मणि,148
करेगे,33
गुणगान,128
सीख,44
नगद,41
सूत्रीय,52
सक्षम,122
नसीब,74
पर्यटक,66
लगवाने,23
छेड़खानी,59
दिखाते,33
बहरहाल,2
संगम,0
शिक्षामित्रों,52
भंडारा,23
बेगम,74
प्रपत्र,52
रिश्वत,79
सब्जियों,10
पार्वती,55
करवाना,23
विभागाध्यक्ष,52
हाट,23
लैस,51
छात्रसंघ,52
सतर्क,51
शासनादेश,52
वरुण,198
व्यास,23
शीतल,0
सुध,23
खंभे,23
रौनक,6
वार्षिकोत्सव,47
चीख,4
भनक,41
उमस,41
युक्त,52
गुमराह,128
भजनों,41
माया,23
वाहिनी,55
सहकारिता,52
मिस्त्री,52
जीने,32
सूखे,94
मीट,43
समीर,23
धंधा,9
क्रियान्वयन,52
प्रसंग,52
बचाया,23
डयूटी,14
मनीषा,198
खिड़की,23
पलायन,23
अनिश्चितकालीन,52
निहाल,2
लंबा,136
तत्व,0
मंथन,0
वेतनमान,52
पुण्य,16
दिखाए,33
उत्कृष्ट,52
निर्वाची,52
नुक्कड़,145
सरसों,41
मानने,23
डालते,23
आराम,7
हरिओम,23
कान,124
संसार,52
मंडियों,10
पड़,60
निराश,52
थोड़ा,23
बाइपास,30
लेनी,32
प्रतिष्ठा,52
पाना,23
रिश्तेदारों,79
राजनैतिक,52
गिरफ्त,20
पुनीत,5
शरीफ,44
रिहा,23
विजेताओं,1
शौचालयों,6
मोहाली,23
रजिस्ट्रार,21
पढ़ाने,132
बुनियादी,20
माफी,23
जानवरों,52
नमूने,23
वोल्टेज,21
हीं,86
लूटी,43
लिख,44
मतलब,41
विवेचना,52
दीवान,52
समर,41
महंगा,9
दुआ,23
जिसने,51
पड़ाव,23
लायक,23
पीटकर,23
झोपड़ी,60
बंदियों,114
उत्साहित,52
बालिकाओं,52
दहिया,23
बांटने,43
सुधा,52
उतारने,23
कागजों,23
महिमा,23
मंडलायुक्त,52
लैपटॉप,30
कोटेदार,20
दबंग,9
जलने,41
टैंक,43
लाना,23
उतारा,23
चढ़ा,60
किताब,20
पुरवा,23
बेदी,23
सैयद,196
अर्थ,37
महर्षि,148
गौरी,12
अस्थायी,52
झगड़े,41
जाली,23
अभद्रता,37
पैदावार,20
वस्तु,52
शून्य,49
सुपुर्द,42
हत्यारों,20
मुंशी,170
वैकल्पिक,52
व्यक्तित्व,52
बीतने,74
आतिशबाजी,20
तरक्की,23
विज्ञापन,52
सेनानी,1
परियोजनाओं,52
बूंद,19
आवेदकों,185
राजाराम,55
जोश,27
गोशाला,23
निर्विरोध,52
कहे,41
शब्दों,114
अंचलाधिकारी,52
चक्का,23
कगार,23
संग्रह,52
अनुबंध,52
रूबरू,23
आमजन,41
हां,86
साधु,23
तड़के,41
हिन्दू,38
अधीक्षण,52
महादलित,93
विनीत,5
बुद्ध,52
नियोजित,52
कदर,41
त्याग,52
प्रशिक्षु,52
ब्योरा,20
नहरों,41
किस्म,79
निकलते,44
ऊंची,4
सुदर्शन,170
नेताजी,1
संकाय,52
प्रभारियों,52
घास,23
पंत,9
बटालियन,23
खातों,23
हफ्ते,23
शस्त्र,52
सार्थक,23
साहिल,23
लुटेरे,75
मार्गदर्शन,52
इसीलिए,97
तादाद,23
आमरण,41
दिक्कतें,79
रुकने,195
तरुण,198
बनेगी,33
प्रेषित,58
कामयाबी,20
चरणों,41
प्राण,42
वादों,52
गिनती,0
घटी,41
सूख,94
उठने,41
योग्यता,166
सनातन,0
शहरवासियों,52
कठोर,146
अंप्र,23
शुभ,107
मनप्रीत,5
पारदर्शिता,52
गंगवार,23
अधूरे,23
पाबंदी,35
सिनेमा,20
दरगाह,147
महुआ,23
उद्योगों,166
सनसनी,41
हवाओं,10
लेती,23
बचपन,41
बावत,23
दशहरा,23
रुपयों,134
हवलदार,23
ऊषा,23
शरद,41
जानकारियां,20
उपरोक्त,52
टिप्पणी,143
निभा,33
उपचुनाव,118
महोबा,23
निबंधन,52
संबद्ध,52
जितना,51
एकल,41
कुसुम,198
अरविन्द,38
जहरीला,72
कराएंगे,33
स्टाल,30
शिवानी,55
सक्रियता,52
खुलासे,59
आशय,41
थानेदार,20
प्रहार,52
मिलों,46
जागृति,52
जगजीत,187
खुलेआम,27
करण,41
जोरों,146
पाएंगे,33
पासपोर्ट,30
हिंसा,188
खाकर,23
झूठे,15
संतुलन,52
कच्चे,4
अभियंताओं,52
बदतर,140
प्रकाशन,52
राजभर,84
असली,41
त्रिवेदी,5
नारा,55
देन,23
विपक्षी,28
चमन,41
प्याज,61
जीना,23
समझाया,23
मसले,41
पृथ्वी,28
कोमल,23
पठन,41
महीना,29
सिलसिले,20
लदे,23
हेलमेट,43
व्यवसायिक,52
दस्तक,0
सर्वश्रेष्ठ,28
पाठन,23
टेलीफोन,162
डूबने,15
बढ़ोत्तरी,132
अपनाने,23
सशक्त,0
झटका,23
मानवाधिकार,52
सिद्धार्थ,52
सर्राफ,30
उद्यमियों,166
काजल,23
वैज्ञानिकों,52
गणना,23
आतंकियों,81
सबक,41
बची,41
पुनर्वास,25
केसरी,23
यानि,23
वादी,52
भटक,41
सिमडेगा,20
अग्रिम,0
बिगड़ने,74
उमड़ी,60
हटाकर,23
तंबाकू,23
मास,23
यंत्र,52
अंग,0
नियंत्रित,52
आवारा,23
भतीजे,23
नींव,106
तर्क,51
प्रतिभागी,52
आतंकवाद,81
अनंत,9
बेकार,23
भट्ठा,23
देवता,55
घुसे,23
कांग्रेसियों,52
पाउडर,61
लक्षण,0
पड़ेगी,33
वादे,23
मुलाजिमों,120
गुटों,23
उल्लेख,49
उपहार,7
भागे,23
देवर,23
इनसे,116
साप्ताहिक,52
पुकार,23
शिक्षामित्र,52
आंकड़ों,137
रोजा,32
परिस्थिति,52
शहादत,23
मोती,23
सिलाई,23
उपलब्धता,37
जानवर,52
पंखे,23
प्रबंधकों,52
लटक,41
हड़ताल,132
उपलब्धियों,52
भौतिक,70
अत्याचार,52
खैर,23
कांस्य,52
बाराबंकी,35
आकर्षित,52
गहन,41
मसीह,113
सपने,41
कुत्तों,17
पाठ्यक्रम,52
कुंतल,0
आंसू,137
गबन,41
मामा,23
निर्दलीय,52
जलाभिषेक,52
गुलाल,23
समाप्ति,52
पलटने,41
आंखें,137
पक्की,23
अभिनंदन,52
सुचारु,52
सीधी,44
ओंकार,23
बरात,23
सामानों,23
मानकों,23
स्वरोजगार,20
निर्देशानुसार,52
दर्शक,170
पीकर,32
भिड़ंत,153
प्रतिमाह,57
क्रिसमस,85
तेवर,23
पौधा,76
सबके,41
पारी,23
लोहा,23
डिमांड,12
स्वतंत्र,52
साध्वी,52
शिरोमणि,5
वस्त्र,52
खरीदी,44
बदली,41
ठहराव,7
धरातल,0
प्रमुखता,49
ताज,23
भोले,89
न्यायमूर्ति,52
जुर्माने,20
पेशी,170
मुकाबलों,95
दराज,23
गश्ती,23
भलाई,23
कृषक,0
सर्वेक्षण,190
शुभकामनाएं,77
कसर,41
जनगणना,23
बोलने,88
चादर,23
इजहार,23
दवाई,23
प्रतिभाग,52
नियंत्रक,52
नाव,118
चारा,52
तोड़ा,23
नीलामी,73
संस्तुति,52
जानते,23
घोर,23
अंकों,52
कारागार,52
उपकरणों,41
निलंबन,52
लगाम,23
साकार,23
बनाएं,33
मच्छरों,10
राज्यसभा,52
बिंदुओं,38
प्यास,23
विकलांगों,166
वस्तुओं,52
लिहाज,20
लूटा,23
तालाबंदी,35
किला,23
कक्षाएं,28
कार्यशैली,52
वक्ता,52
बौद्ध,52
उठी,41
असामाजिक,52
सदैव,0
मुहर,23
चिह्न,52
रोककर,80
पटवारी,52
रास्तों,23
अभिलेख,52
चुप्पी,0
श्वेता,5
जितने,51
नजदीकी,45
भाईचारे,52
बारहवीं,63
पढ़ा,132
स्नातकोत्तर,52
हंगामे,2
प्रज्ज्वलित,91
आजसू,39
संकीर्तन,5
किरन,23
निकेतन,52
कसने,41
आवेदक,185
बर्बादी,35
प्रदर्शित,52
मानवता,23
चंदा,23
बीमारियां,20
बीएसएफ,14
चाह,23
हटाए,33
कल्याणकारी,52
विरेंद्र,55
गुरू,42
कोटे,43
गड्ढों,10
खोलकर,88
सिफारिश,20
साक्षी,52
कोष,0
अहसास,62
कचरे,41
बर्फबारी,35
चक्रवर्ती,52
मित्रों,52
धंधे,9
उपनिरीक्षक,52
आयुष,198
घेराबंदी,35
बांट,43
कार्ययोजना,52
सितम्बर,39
किताबें,20
पढ़,132
बुलाने,33
मवेशियों,170
संतों,52
कांप्लेक्स,21
आंकड़े,137
मुक्तसर,79
बनते,41
कैमरा,51
दंगल,23
नाक,23
जनपदों,41
पूर्वाह्न,57
कुलसचिव,83
पटाखे,23
घूमने,15
धोखा,88
अभियोजन,166
लड़कियां,10
बदहाली,2
अटल,41
अधिवेशन,52
फेंकने,54
खुशबू,94
इजाजत,23
अध्यक्षों,52
मृतकों,8
ईदगाह,147
प्रतियोगिताएं,52
नीयत,11
पावन,23
क्षुब्ध,52
सीडी,14
पीड़ा,153
कापी,23
अवलोकन,122
ऊंचा,4
बैडमिंटन,133
शकुंतला,55
घोटाला,23
ओलावृष्टि,52
मत्स्य,52
आकलन,41
गुजरना,128
अव्यवस्था,52
विचारों,52
बदौलत,11
हौसला,2
दुरुपयोग,166
किन्तु,13
अपहृत,0
फंसा,54
साक्षर,52
तालमेल,20
साठ,0
इच्छुक,83
भंडार,23
पड़ोसियों,62
रंगों,9
स्वर्णकार,52
संकुल,52
नक्शा,124
पात्रों,52
लता,23
दादा,23
आवासों,185
घाघरा,23
खुराक,20
बंदरों,19
गिरे,23
प्रोन्नति,0
माजरा,23
गारंटी,30
रोजी,32
मोहल्लों,17
व्यावसायिक,52
ठंडे,23
प्रतिनिधित्व,52
गहरे,41
लगन,41
दलितों,93
समग्र,0
फेंका,54
विस्फोट,166
सेवानिवृत,52
नववर्ष,28
सजग,41
आराधना,23
प्रदूषित,0
पालिकाध्यक्ष,52
दिखने,44
भोर,23
नैतिक,70
झाविमो,31
शिक्षिकाओं,52
मोटी,43
निर्वहन,52
रद्द,114
सुनते,29
अनमोल,113
जूझना,15
बोरी,19
बर्खास्त,20
नौजवानों,52
दृश्य,52
बैठकों,129
बोरा,23
लैपटाप,30
चिंतित,188
पद्धति,0
कराटे,23
ताल,23
भिड़,153
लेगी,33
कुत्ते,17
चेहरा,6
घटनाक्रम,52
चीज,10
जागरुक,20
पांचों,4
विहीन,52
मंडलीय,52
दिनदहाड़े,20
नवनिर्वाचित,52
हल्का,23
नियत,11
ईंट,43
इनको,86
लाभार्थी,52
आढ़तियों,45
प्रधानाचार्या,52
समृद्धि,52
बिरादरी,55
निखिल,104
आंकड़ा,137
नालियां,10
कुशल,83
सहन,41
सेशन,130
लिखने,44
प्रथा,52
डिप्लोमा,21
गायों,46
लौटना,75
रश्मि,148
बड़े,60
फसलें,41
पिछड़े,74
पैरवी,0
लेखन,44
उठाव,33
मनोनीत,5
निकलकर,44
जरुरत,94
चक्र,0
बोला,23
सिकंदर,9
जोड़ी,23
संभालने,52
अफरातफरी,99
पीस,14
तरस,41
पुण्यतिथि,93
पारंपरिक,52
पिलाने,23
विमान,52
गुना,128
भाजपाइयों,52
संतुष्ट,52
रस्म,23
निराशा,52
चरम,41
कमांडर,30
सशस्त्र,52
नमी,23
ब्राह्मण,55
साधारण,23
पहुंचना,4
जंगलों,9
मताधिकार,52
प्रयासरत,52
जुड़,23
अस्थाई,52
कालीन,52
पसीना,23
प्रतिष्ठान,52
हत्यारोपी,96
वास्तविक,52
चलाना,23
आढ़ती,45
इंसाफ,20
महत्ता,23
फलों,41
मलबा,23
फूट,43
लालच,23
डटे,41
बदबू,36
मांस,12
बतायी,23
गुजरते,128
मंत्रमुग्ध,42
तूफान,20
टाल,23
मुफ्ती,79
प्रेमिका,52
रहित,0
ग्रंथ,42
मुस्कान,120
प्रयोगशाला,52
चौदह,6
गहने,41
कारखाना,20
डंडा,23
दस्ते,23
बंदूक,195
उपनिदेशक,52
जरा,23
मच्छर,10
खुफिया,33
गगन,41
जनार्दन,23
कूलर,32
कोने,32
सूबेदार,20
अघोषित,0
शिष्टमंडल,52
रामनवमी,47
तत्वाधान,52
इसपर,41
अन्याय,52
चौथी,6
खींच,4
क्रीड़ा,153
रामनाथ,55
जुआ,23
संग्राम,30
अनुशंसा,52
आत्म,46
रंगोली,9
उपाधीक्षक,52
भीड़,153
पहुंचेगी,4
खण्ड,52
प्रांत,5
खदान,23
कुख्यात,52
मौर्या,78
नियमावली,52
बदलते,41
भला,23
प्रतिक्रिया,52
किस्त,79
शताब्दी,35
दंड,52
पसरा,23
असफल,41
ऊंचाई,136
ठहराया,23
माफ,23
अभिलेखों,52
अर्जित,52
पदस्थापित,52
संभाला,52
नेपाली,23
अनुष्ठान,52
सचिवों,93
नवनियुक्त,52
शैली,180
सौहार्द,52
इंजेक्शन,21
लोकार्पण,52
जोखिम,27
वसूलने,23
रामायण,55
पक्षी,28
राजकिशोर,27
मधुबन,149
छठी,41
प्रतिवर्ष,57
मंत्र,52
टीईटी,14
नवोदय,0
बिजलीघर,74
सहभागिता,52
आर्मी,30
ध्वजारोहण,52
फेरी,23
लड़का,23
प्रतीत,5
धारक,52
चैंपियन,56
किन,29
संवेदक,52
आसार,23
खुलवाने,33
सावधानी,23
वन्य,0
लगेगी,33
भाग्य,52
आहत,41
प्राधिकार,52
विवादित,52
दूरभाष,87
कहाकि,23
जले,23
घातक,76
सिम,120
महाविद्यालयों,52
रिहायशी,55
बांधकर,19
सालाना,23
गवाही,23
मस्ती,23
उल्टी,23
विमोचन,0
खरीददारी,20
घेरे,23
चौटाला,6
पर्दाफाश,59
माथा,55
अत्यंत,13
आश्वस्त,91
स्कूटर,21
झटके,41
धड़ल्ले,32
संयंत्र,52
दुर्घटनाग्रस्त,42
देवताओं,55
सांप्रदायिक,52
धार,23
सर्राफा,30
अधिशाषी,52
तत्पर,0
पंचनामा,31
कमाल,23
दामाद,23
परामर्श,52
उज्ज्वल,24
बनेंगे,33
रखता,23
लूटे,43
धारदार,20
खबरों,41
संतोषजनक,52
आगजनी,41
निभाने,33
सांप,0
फीता,23
हाथियों,46
एकजुटता,37
निर्दोष,52
सेक्शन,21
नशीला,23
दीक्षा,52
नामित,52
जनजीवन,187
मुनि,198
लौटते,75
बागवानी,23
अल्लाह,120
सगे,41
गढ़,84
चूना,23
तलवार,23
भाईचारा,52
हड्डी,23
थोक,23
लौटी,75
प्रहलाद,52
पहुंचेंगे,4
डंडों,10
देशभर,23
मिजाज,20
बीएन,14
नमूना,23
संक्रामक,52
बुझाकर,33
भड़के,41
खुलकर,88
छापे,23
पहलुओं,10
तबादले,23
बर्फ,32
सौदा,52
तथ्य,0
निबंध,52
लगेंगे,33
लदा,23
रामानंद,55
अध्यापिका,52
मशीनें,0
बांस,12
भास्कर,55
मालगाड़ी,20
तबाही,23
खरीदे,44
सबूत,36
दुराचार,52
आयुर्वेदिक,42
शरारती,52
आरक्षी,28
दादी,23
बहुमत,0
अर्थदंड,52
ब्रज,23
एथलेटिक्स,85
संलिप्त,52
सरयू,39
बढ़ेगी,132
मंगला,9
तत्पश्चात,193
कंपनियां,52
सहायिका,52
गुमशुदगी,128
दुखी,94
कतई,41
कटाव,23
कब्रिस्तान,120
परहेज,68
क्रेडिट,21
बढ़ाए,33
जोड़कर,88
सांत्वना,52
सहज,41
अभिनव,83
आजीवन,187
रौशन,152
पुस्तकें,25
प्रतिनियुक्त,52
सरकारों,20
पक्षियों,46
बिछाने,33
माली,23
आमदनी,167
परंपरागत,52
बेटियां,10
झूठा,15
जैविक,48
अनुपात,52
सुलझाने,52
कार्यदायी,52
सर्वोच्च,190
स्वर,23
कार्मिक,52
समायोजन,52
होड़,23
जनस्वास्थ्य,52
फिल्मों,79
अकेला,72
त्रिस्तरीय,28
समझते,41
छोड़ी,88
ठंडा,23
प्रशासक,52
रस्सी,23
मुश्किलें,79
बंधन,52
कमलजीत,5
नसीहत,11
सबका,7
धुनाई,23
नशीले,23
कोहरा,88
रिश्ते,79
खरीफ,44
फाइलों,30
झांसी,12
तबीयत,11
लापरवाह,20
झड़प,105
छाए,33
ढोल,23
सराहा,23
ब्यौरा,20
बच्चियों,4
उपविजेता,1
नाकाबंदी,35
चढ़ने,132
नमन,41
खोली,23
निशाने,124
लगाएं,33
पांचवें,63
कीटनाशक,20
हाथापाई,2
पढ़ाओ,132
पार्को,30
राजी,55
समर्पण,37
चौपट,6
छठे,41
निष्ठा,52
छुटकारा,20
लगना,23
दीन,114
डीलरों,10
दलालों,46
दिला,23
विस्थापित,52
झाड़,23
अग्नि,0
चांदनी,23
राज्यस्तरीय,52
नवीनीकरण,155
भक्तिमय,0
अनारक्षित,52
इकाइयों,46
टॉप,32
बहने,41
सातवें,63
टीका,23
दस्तावेजों,147
पसीने,32
मातम,23
उर्स,14
गरिमा,23
अखाड़ा,23
मौलिक,70
अदायगी,23
बलिदान,23
प्रताड़ना,153
भैया,23
सौंपकर,68
प्री,5
उपज,41
टेक,32
क्लर्क,52
अमीर,113
जायज,23
मशहूर,146
श्रेष्ठ,28
मुहल्लों,17
प्राध्यापक,52
परमार,23
पेटी,43
घेरा,23
अंबार,23
खामियां,20
बड़ा,60
बडे़,60
निर्माता,52
दिव्य,52
वें,130
खत्री,23
आपकी,86
विचाराधीन,52
झलक,41
खलबली,23
बेचा,4
प्रेरक,58
साझा,23
महंगी,9
पंडा,31
अंतर्राष्ट्रीय,52
घड़ी,41
खौफ,27
खफा,23
स्वयंसेवी,52
तरीका,23
कार्यवाहक,52
घुसने,23
आंदोलनकारियों,164
असुविधा,52
सचेत,0
बहाना,23
त्रस्त,91
मयंक,23
आटा,23
स्वाभिमान,52
भावनाओं,52
पैसों,51
गौशाला,23
भाभी,89
खपत,41
लहूलुहान,20
मंडली,52
अधिकृत,0
जमावड़ा,23
पॉलीथिन,21
गंतव्य,52
बीडी,14
टेम्पो,32
कुपोषण,0
चढ़ाने,132
बिलों,46
रूपरेखा,44
सरल,41
चरस,41
दौड़ा,23
अंजली,9
प्रौद्योगिकी,166
शिविरों,55
मॉल,32
छीनने,29
ताबड़तोड़,59
हर्षोल्लास,52
निस्तारित,52
सरगना,23
पुरूष,42
सबकुछ,83
बनायी,23
दुल्हन,17
कुचल,23
विदेशों,170
सभासदों,52
परिचित,52
बेटों,10
मलबे,41
सैन्य,70
रक्षक,0
तिराहा,23
खातिर,20
चीजों,10
ज्ञानी,52
गोलीबारी,35
उपयोगिता,52
अवशेष,117
व्यवस्थाओं,52
आवेदनों,185
चौकसी,6
जगतार,23
कागजी,23
फंदा,54
खुदकुशी,27
मजबूरन,146
रैन,32
बयां,23
अधूरी,23
पर्चे,4
बंदर,19
शख्स,51
इनकार,23
अफवाह,168
नयी,41
चूक,195
रहेंगी,33
सेतु,0
मंडप,52
कीमतों,167
जता,23
शिक्षाधिकारी,52
रूपए,134
बदलकर,41
नाग,23
रोपाई,23
नौबत,11
बढ़ेगा,132
अविश्वास,52
नामों,23
जोड़े,23
नाते,23
चुप,0
प्रज्वलित,91
गुरदेव,55
श्रोताओं,52
चकबंदी,114
धुन,29
शान,23
परमानंद,55
विधेयक,52
बेहोशी,27
त्रिवेणी,5
पीडि़त,153
दुग्ध,42
इरशाद,35
तौल,23
वैभव,83
बेला,23
खोकर,88
शीतला,55
स्कार्पियो,30
विविध,52
गर्व,23
छत्तीसगढ़,182
संगठित,52
गाड़ी,23
उठता,23
तटबंध,9
सवारियों,46
पुस्तकों,25
सूखा,94
जयंत,9
यौन,29
सदा,23
आहूत,36
छप्पर,23
सड़कों,10
पैतृक,0
बत्ती,23
बादलों,23
अग्रणी,0
बस्तियों,46
साकेत,23
भगदड़,23
शाखाओं,52
उत्पादों,52
पहने,41
सकुशल,83
कुआं,23
गतिविधि,52
हटवाने,23
अनुमोदन,52
जनरेटर,32
चेतन,0
चरखी,41
जमाने,23
चेताया,23
अपराधों,52
मुश्किलों,79
विद्यापीठ,52
सद्भावना,52
कनिष्ठ,52
धरोहर,23
वीणा,198
दावेदार,20
नेट,43
शीर्ष,52
बंगला,23
कठिनाई,168
लुत्फ,120
आड़े,41
साहित्यकार,52
बैंकिंग,22
मुकाम,95
मिसाल,20
क्षेत्रवासियों,52
अग्निकांड,96
प्रतिकूल,52
ओलंपिक,56
चंचल,0
गुस्से,141
जिलास्तरीय,52
चेकअप,4
बाई,23
टूटकर,43
चिंगारी,23
मुकम्मल,79
पोषाहार,76
संशोधित,52
स्त्री,52
पिलाई,23
खुशियां,27
नवनिर्मित,52
हंस,54
जन्मोत्सव,47
शीशे,170
स्वर्गीय,28
बापू,23
मृत्युंजय,78
साड़ी,23
किताबों,20
हंसराज,9
चित्रकला,52
रत्न,23
कामों,23
सृजन,0
पक्के,32
बरी,23
उद्यमी,166
सेक्टरों,21
झंडे,23
असिस्टेंट,21
विशेषकर,52
दिलचस्पी,79
पहलवानों,52
जुगाड़,23
पढ़े,132
दीनानाथ,55
रोहिणी,5
कूपन,23
पुस्तिका,25
कॉपी,32
साढे़,63
प्रयुक्त,52
मात,23
जुटाने,33
भूमिगत,89
पैरों,10
लादकर,23
खस्ताहाल,2
अपमान,23
प्रतिनियुक्ति,52
पीर,32
सरपंचों,4
इशारे,23
खेली,23
आलोचना,0
कत्ल,23
पढ़ाया,132
सुमित्रा,55
मकर,41
ध्वज,0
सस्ते,23
चर्चित,52
मनमाने,23
चाल,23
जन्माष्टमी,47
पढ़ी,132
जननी,41
मुकुल,198
हटाओ,23
समझने,41
झोंक,181
दीवाली,47
रसायन,23
नतीजतन,45
नन्हें,53
रोड़,23
खानापूर्ति,16
पटाखों,10
मानकर,23
सोलह,51
निविदा,52
गतिविधियां,52
जलजमाव,23
सेविकाओं,52
पल्ला,120
आहार,23
कमेटियों,10
भोजपुरी,84
पायल,23
सचल,41
हौसले,2
बजकर,41
फैले,2
तत्परता,0
एहसास,62
वृक्षारोपण,76
जगी,60
उज्जवल,24
नगीना,23
लाईन,30
सुलभ,94
दुर्घटनाएं,42
मूल्यों,49
आयोजकों,166
विरासत,20
उन्मूलन,164
उतरकर,41
सरिया,23
मुठभेड़,59
देशभक्ति,27
वैद्य,78
उदासीन,52
ताक,23
प्रेक्षक,52
भरमार,23
लाइनें,30
घोसी,23
फरियाद,20
रामा,23
मुसलमानों,120
बकरी,41
उर्वरक,0
दफ्तरों,0
प्रेमियों,58
हैदराबाद,35
प्रधानाध्यापिका,52
सर्वप्रथम,190
थमने,41
केरोसिन,32
ग्रामसभा,30
उत्पात,52
कॉलोनियों,17
महाशिवरात्रि,52
कच्चा,4
नौवीं,63
अमीन,113
खस्ता,23
ध्वनि,0
अलमारी,7
संवेदना,9
आंगन,23
बोलते,88
बिरसा,23
पाएगी,33
तबाह,23
व्यवस्थापक,52
वैध,52
शशिकांत,5
आपात,23
लकड़ा,23
विस्थापितों,52
पीटने,23
दस्ता,23
सैकड़ों,10
अखबार,52
समूहों,119
मिलनी,90
बोगी,19
सूचनाएं,52
खादी,23
पौधारोपण,76
प्रधानाध्यापकों,52
अनहोनी,29
परमेश्वर,170
प्रश्नपत्र,52
सलामी,120
पहनाकर,23
बेवजह,74
मिलावट,33
बलराज,23
व्यवस्थाएं,52
सरेआम,41
ग्रस्त,91
प्रभा,52
सभाओं,10
जरूरतमंदों,163
फरियादियों,20
गर्भ,89
सिमट,23
अभद्र,0
अत्याधुनिक,70
इशारा,23
मक्का,23
सुलह,51
गुरुकुल,198
परम,41
अवरुद्ध,52
बनवाया,23
करवाएं,33
लिफ्ट,30
साधा,23
खिलाडि़यों,20
फंदे,54
गुरनाम,120
बुआई,157
बचाई,23
बूंदाबांदी,35
नतीजे,23
प्रतिभाओं,52
आकस्मिक,52
दबाकर,23
विकराल,52
मारवाड़ी,23
बांधा,23
पात्रता,52
विज्ञप्ति,52
बलवान,23
कानूनगो,20
श्रृंगार,55
चाबी,23
घटित,0
टमाटर,32
गर्दन,23
शास्त्र,52
गाकर,23
बहाव,23
अंग्रेजों,9
चुंगी,23
फौज,23
अवहेलना,23
बिंदु,38
मांगपत्र,12
बंदोबस्त,35
अस्त,23
कन्याओं,10
आनी,41
वांछित,52
चलाता,23
बयानों,23
दोस्ती,177
निपटाने,52
अकेली,72
भल्ला,120
दुर्दशा,42
लेगा,33
रेडियो,123
परचम,66
जतायी,23
कड़ाके,23
मोर,23
कुर्बानी,120
प्रदेशों,170
चौड़ीकरण,23
पैनी,32
धक्के,32
नशीली,23
अलका,23
गुलदार,23
चाहा,23
मिटाने,33
जबाव,23
आयुर्वेद,42
अभिनय,83
गाने,23
अर्बन,149
पदयात्रा,52
मिलीं,90
दोष,0
दांव,12
निचले,44
चोटिल,23
सच्चे,4
किश्त,79
उड़ान,7
तारीफ,20
जबरदस्ती,23
नहाने,23
काटी,23
थानाध्यक्षों,52
लीक,160
दामोदर,23
भयभीत,117
वायु,76
मुकदमों,95
कीट,43
विवादों,52
गुणा,128
गांजा,23
गहराई,23
लड्डू,23
एम्बुलेंस,25
तैसे,51
दया,23
बंधे,9
क्षेत्रफल,52
उतना,23
हैरान,2
अभिमन्यु,78
अत्यधिक,52
तुम,53
सहयोगियों,166
रेस्टोरेंट,21
हरसंभव,83
सीखने,44
किस्मत,79
लेखपालों,44
परिवेश,170
सहूलियत,11
संभावनाएं,52
कुरीतियों,45
सेब,23
वरदान,23
महापंचायत,31
चारदीवारी,20
असहाय,46
हावी,23
मध्यम,0
उच्चतर,4
छोर,23
जुड़ने,23
तेरह,63
काव्य,52
अंदेशा,20
बनाम,23
बेखौफ,27
चौथा,6
मशाल,23
पदभार,7
मायूस,26
रोकना,80
फटने,41
अकाल,23
पड़ता,132
पौड़ी,23
शिखा,33
निशांत,5
पड़ी,60
फिरौती,158
लोकपाल,118
दबा,23
बदनाम,23
हुनर,23
पांचवीं,63
दोपहिया,20
उठकर,86
जानकारों,20
लेनदेन,44
मनोबल,23
बुराइयों,168
औसत,41
पुत्रों,42
लेखक,44
गृहस्थी,8
सभापति,52
वरना,23
वापिस,52
नवाब,23
बेरी,23
आंतरिक,52
पासबुक,30
अंगूठी,9
पार्टियां,52
दंपति,9
कैशियर,21
उपवास,62
सियासत,20
भगाने,23
उपमुख्यमंत्री,52
अतिक्रमणकारियों,52
स्वार्थ,52
खुलवाया,33
सपनों,41
खाकी,23
क्रमिक,0
लगीं,86
रोकर,80
चचेरे,23
एंव,23
वास्तव,52
दस्त,23
रिकवरी,30
मायने,23
तहसीलों,10
दावों,23
थमा,23
रुके,195
मुरली,198
बताये,23
सम्पर्क,52
प्रत्यक्षदर्शियों,52
आरोपित,96
वर्णन,0
बताती,23
मेहमानों,52
नवदीप,23
हल्के,32
शासकीय,52
जलाया,23
चलो,23
सरोवर,32
आपका,7
कोषागार,52
जमाया,23
बढ़त,132
सौजन्य,52
खरा,23
प्रारूप,52
नाका,23
राना,23
दोहरे,88
सोम,120
अलीगंज,84
प्रसन्न,91
धुआं,23
नलकूपों,0
दर्शाया,52
महागठबंधन,164
चार्जशीट,30
अनुपस्थिति,52
संक्रमण,52
पौध,76
औषधि,0
जीवित,48
दूभर,94
परवाह,20
प्रतिष्ठित,52
नमक,41
अंतराल,52
रौंद,19
रुका,195
चिराग,23
डूबे,23
महंगे,9
सौंदर्यीकरण,52
परिवारीजनों,52
आध्यात्मिक,52
वर्षीया,28
त्यौहार,47
कड़ी,60
हैरत,11
मूर्तियों,16
गिरते,82
प्रतीक्षा,52
भटकना,23
मातृ,52
देशराज,55
हाहाकार,2
फुल,23
दूरदराज,87
बेशक,74
सम्बोधित,52
फिराक,120
उन्नति,0
आनन्द,23
बिखरा,74
एकाएक,40
रुकी,195
मजाक,2
बहा,23
चौड़ा,23
जीती,5
मस्जिदों,179
रिहाई,33
तफ्तीश,120
अस्सी,23
चकिया,23
सर्विलांस,21
सैलाब,120
अता,23
पावरकॉम,30
इस्पात,52
उपयोगी,166
काका,23
प्रशिक्षुओं,52
वसूले,23
खालिद,120
भरपाई,23
चूल्हे,17
छात्रवृति,52
महापर्व,47
महल,41
चास,23
दिवंगत,166
मैराथन,69
गेंद,126
गुरचरण,23
गोपी,32
शिवाजी,55
प्रज्जवलित,91
शांतिपूर्वक,16
दरिया,23
मानसी,23
प्रभातफेरी,55
मर्जी,23
दिव्या,52
सीटी,14
हटवाया,23
रंगे,9
समाजिक,52
उखाड़,7
मजार,23
सीने,32
निकायों,52
घूमते,15
हरेन्द्र,55
गुड़िया,23
सौर,23
प्रतिष्ठानों,52
अभिनेता,1
तेजाब,23
हॉस्पिटल,154
वृक्षों,76
आत्मनिर्भर,52
दौड़े,23
पहुंचीं,4
खाया,23
बाघ,23
संक्रांति,5
विपणन,0
पटाखा,23
केमिकल,21
ठिकाने,124
जमे,23
दबाने,23
परीक्षक,52
जन्मदिवस,47
हत्यारे,20
हास्य,52
आदत,41
असल,41
बरसाती,23
गणपति,148
सावधान,23
उसपर,41
गेंहू,142
बहल,41
लोहड़ी,17
निर्देशक,52
पूंजी,52
नैन,32
प्रतिमाओं,52
पहलू,36
कमाने,23
मक्खन,23
बैल,23
सच्चिदानंद,55
बेकाबू,23
शुरुआती,157
बस्ते,23
रोते,88
सस्ती,23
गर्मियों,25
असुरक्षित,52
नन्हे,53
झुलसी,15
अग्रहरि,0
आपातकालीन,52
खरीदकर,44
खासे,23
ठंडी,23
धीर,82
मुबारक,120
सजावट,23
पुरोहित,5
टीके,14
रक्षाबंधन,47
छोड़,88
सैर,23
सोचा,23
छोड़े,88
लगवा,23
लाइनमैन,50
वीडियोग्राफी,30
गिट्टी,55
आश्रितों,117
कीर्ति,5
छिपे,0
प्रदर्शनकारी,52
नाके,23
हरिश्चंद्र,55
अप्रिय,52
कारी,23
गयीं,86
शिवरात्रि,52
दीवारों,20
रेशम,23
स्वराज,55
आकार,7
कैमरों,51
उम्मीदें,20
दिलवाने,33
प्रजाति,52
बिस्तर,79
पैमाइश,20
गुम,23
भ्रष्ट,52
कोयले,23
समर्थित,52
आश्रित,117
काफिला,20
मेहंदी,114
सबकी,41
उलझ,41
कतारें,23
औपचारिकता,52
धज्जियां,10
आंशिक,52
दीवानी,52
सीरीज,150
यादगार,20
दावेदारी,20
तिरंगा,9
असंतोष,52
सेंध,44
सृष्टि,52
तेंदुए,38
एक्सरे,32
रिफर,32
शिष्य,52
उधार,7
बंगाली,23
जरुरी,23
कदाचार,52
गुजारा,23
गलियां,10
चप्पे,32
किराना,23
खामियों,20
निष्कासित,52
सुल्तान,120
उनपर,41
ठहरने,41
विश्वविद्यालयों,52
खुशहाली,27
जौहर,23
सच्ची,4
जादू,23
भोज,68
झुग्गी,10
तथ्यों,0
लूटकर,43
सीढ़ी,110
प्रणव,0
अड़े,41
सुंदरीकरण,52
सती,41
पर्दा,23
नेत्री,1
आजकल,41
छलांग,9
होलिका,52
तराई,23
गवाहों,46
प्रखण्ड,31
दिनांक,52
चाहिये,23
मंत्रिमंडल,52
कुंज,52
छतों,41
टकराई,23
सोनम,51
पर्वतीय,66
जमीनों,29
आईटीआई,14
अचेत,0
एसबीआइ,14
सजी,41
ट्रेनर,21
नीम,23
सभ्यता,52
दुरूस्त,141
सलाम,120
गोपनीय,166
पेंच,4
कुष्ठ,0
नजरअंदाज,20
संतान,52
उपप्रमुख,49
अदालतों,23
वायदा,2
जिम्मेवार,20
करीबी,74
प्रश्नों,58
रोके,32
गोलियों,10
आंकलन,0
कंधे,9
समूचे,34
जेठ,23
असमर्थ,37
सिगरेट,43
विदा,52
नोकझोंक,59
राजभवन,84
झूम,15
बसेरा,23
हैरानी,2
काजी,23
महबूब,112
खंडों,52
परिवर्तित,52
हमलोग,183
औसतन,41
मौखिक,70
जत्थे,23
निकलता,52
गैरहाजिर,20
उदघाटन,65
साहस,23
प्रसारण,52
दंश,170
स्रोत,52
लदी,23
बागान,23
बुद्धि,52
कलम,41
तहकीकात,23
सातवीं,63
जुड़े,23
बैठाकर,129
झूठी,15
दशकों,41
मोर्चे,95
शशांक,160
पालकी,23
अलबत्ता,23
तख्त,23
तालियां,10
चना,0
लंबाई,136
दवाइयों,46
रिश्ता,79
कहता,23
सांगवान,23
प्रीत,5
अगुआई,157
माथे,55
नसबंदी,114
ग्रामों,30
पडे़,60
ठेला,51
जलाशय,23
शनि,148
खिलाड़ी,20
दिमाग,79
फर्श,32
नंबरों,119
शीशा,170
नाजायज,23
राजकुमारी,55
बैराज,55
विकासखंड,31
गोदामों,23
अपनाया,23
उगाही,23
बैठकें,129
पट्टा,23
भूरा,89
प्रमंडलीय,52
झेलना,23
डायरी,23
विनीता,52
प्रशस्ति,0
बलात्कार,52
जानकार,20
सस्ता,23
संरक्षित,52
घने,41
संयोजन,52
आईं,9
पहुंचती,4
बंधी,52
सेकेंड,30
निराला,23
दरकिनार,124
लाठियां,10
बुराई,168
रूपी,0
संबधित,52
आत्मदाह,46
सर्द,197
वारंटी,30
उम्मीदों,20
फोड़,59
नगरीय,0
उद्योगपति,166
स्पर्धा,52
रथयात्रा,52
बताएं,33
उपयुक्त,52
डग्गामार,23
निमंत्रण,52
इमारतों,23
कस्बों,10
रखती,41
सम्राट,52
जाहिद,120
राजमहल,84
श्मशान,55
मधुमेह,0
ठिकाना,124
स्वस्थ्य,52
कबूल,15
रूचि,172
बारीकी,23
सृजित,52
अभियोग,166
धैर्य,78
गल्ला,120
दीक्षांत,5
चाक,23
व्यायाम,52
असीम,23
दिनचर्या,20
सम्मिलित,52
स्वयंसेवक,52
उतनी,41
जागृत,52
पुस्तिकाओं,25
आदिवासियों,52
निरंकारी,52
चक्की,23
गेंदबाजी,126
नाबार्ड,30
छीनकर,29
रुझान,20
प्यारे,20
गान,23
मेधा,23
अफीम,23
मनमोहक,0
विभोर,166
व्याख्यान,52
शिथिलता,90
त्रिलोक,5
शर्ट,121
पंडालों,31
चकमा,23
दंगा,9
बेची,4
गिराने,55
मर्यादा,20
दांतों,10
फायदे,2
बंधु,9
चढ़े,60
पोषक,0
छीना,23
बिचौलियों,20
चलाये,23
निरीक्षकों,52
अगला,7
जिनसे,51
तंगी,9
आकृष्ट,52
शिवलिंग,55
पढ़कर,132
चीजें,10
ज्यों,97
पंचायतें,31
झूठ,15
पहुंचाना,4
बैरंग,9
टैगोर,32
प्रचारक,52
कारों,23
सेवानिवृत्ति,52
झूमने,15
करारी,23
तोहफा,88
डकैतों,23
झुंड,23
पड़े,60
खंडेलवाल,55
बताओ,23
पंचमी,0
चहारदीवारी,20
जुबान,120
न्यास,52
सुनीं,29
कृषकों,0
ऊपरी,41
गढ्डे,23
मुनाफा,20
घाटे,23
गोबर,19
अनुकूल,52
संयोग,52
प्रवर्तन,52
दबदबा,23
नक्शे,124
उनलोगों,183
रेलखंड,31
भट्टी,23
संलिप्तता,52
देखें,44
बुंदेलखंड,31
हानि,23
उतरा,23
बेरहमी,74
चकराता,23
इंजीनियरों,21
भूस्खलन,89
हमलोगों,183
अध्यक्षा,52
मिलावटी,33
फंसी,54
ग्रसित,91
बढ़ाना,132
ठिकानों,124
बनवारी,23
मशीनरी,23
रहस्यमय,40
ग्राम्य,30
वाणी,52
नारियल,61
तबियत,11
मंजर,23
धरपकड़,23
अंकिता,9
तीज,23
रशीद,114
मुख्यालयों,52
बखूबी,94
दखल,41
प्रबल,0
उपेक्षित,52
खेप,23
बेचकर,4
निपटा,52
दफा,23
साध,23
छापामार,59
पशुपालकों,52
पेंशनरों,10
सच्चा,4
कष्ट,23
माननीय,52
भरना,23
रिश्तेदारी,79
पंखा,23
निजीकरण,48
प्रधानाचार्यो,52
लड़की,4
बहुजन,165
हरिजन,165
पीपल,23
प्रेरकों,58
दर्दनाक,2
खिसक,51
कटकर,41
जिलाधीश,52
झूमे,15
पाप,23
मिर्च,61
उल्लास,120
बताना,23
हटने,41
करूंगा,33
सीमांत,52
व्यापारिक,52
आयोजनों,166
गृहस्वामी,52
पूर्वोत्तर,16
दावत,23
सुनाकर,29
पते,23
जाग,23
कासिम,120
पढ़ते,132
ब्रांड,30
भागों,52
व्यवस्थित,52
तलाशने,23
ट्रॉली,21
रोकी,32
त्योहारों,47
खर्चा,4
रामलखन,23
अग्रसर,0
ब्रह्मा,55
कांता,23
देहाती,23
सीसे,51
क्रिया,52
वाटिका,52
नौकर,158
कुंभ,107
साधे,23
सफाईकर्मी,52
तबके,41
आपत्तिजनक,0
साले,23
अपनों,41
खटीमा,23
अभिजीत,5
जिम्मेदारों,20
खिलाकर,33
संबंधों,52
सरना,23
मटर,41
फाड़,23
संपदा,52
असमंजस,37
बढ़ाते,132
हेराफेरी,21
अनावश्यक,37
बहनोई,23
परीक्षाफल,52
अंग्रेज,9
वाहवाही,20
भयंकर,9
पीलिया,23
सौगात,52
फेरबदल,2
डालें,33
त्रिभुवन,5
राई,23
अन्दर,0
गड्ढा,23
आफत,41
पिछड़ी,74
आन्दोलन,164
चुनी,29
अर्थात,193
सूखने,15
मेहर,23
मुसलमान,120
बमुश्किल,79
चौड़ी,23
सुस्त,141
परेशानियां,20
प्रस्तावों,52
अनेकों,51
खरे,23
पोखरे,23
जयकारे,138
बकरीद,114
बरामदे,186
निराधार,52
जवाबदेही,20
चिंताजनक,188
वायदे,2
सता,23
तीखी,44
कटा,23
कलह,41
लखविंदर,98
पहुंचता,4
बीजद,14
अंश,170
सांसदों,52
लाएं,33
महानिरीक्षक,52
यापन,52
आशु,36
लोकायुक्त,52
मण्डल,52
ट्रॉफी,21
सैंकड़ों,10
कब्जों,10
राही,120
भागा,52
अन्यत्र,0
मोहर,23
दाग,23
अजीज,196
बौद्धिक,52
प्राय,52
प्रगतिशील,52
डिब्बे,35
पंचम,0
मनाए,33
अराजकता,37
साईं,9
जिसपर,97
दुश्मन,27
अपेक्षित,52
खसरा,23
लटके,41
दिग्गज,166
आचरण,41
पेय,0
दयाराम,55
शराबी,23
कारखाने,20
झुलसे,15
घुसा,23
प्रतिपक्ष,28
करवाते,23
आगनबाड़ी,20
हलचल,41
हेलीकॉप्टर,30
झाड़ियों,10
मुकदमें,95
चौकीदारों,20
पहुंचाई,4
लगानी,23
ग्राफ,30
गोकुल,198
सुगम,0
समाधि,52
वारदातें,2
परवान,23
घाटशिला,23
प्रेसवार्ता,52
सर्वजीत,5
प्राणी,42
कुपोषित,0
जताने,23
उन्नत,0
भतीजा,23
रोचक,0
दंगे,9
धमाके,23
आश्चर्य,0
सचान,23
दायित्वों,52
सज्जन,165
दुबारा,20
नवमी,39
सर्वागीण,52
अनजान,23
जुडे़,23
कटे,32
रोने,32
शिक्षिकाएं,52
फतेह,51
ईमानदार,20
बल्लेबाज,126
अराजक,23
तोड़,88
हरेक,51
बंटवारे,20
आत्मसमर्पण,37
हेमराज,55
बयानबाजी,20
हुजूम,120
मजा,23
जातियों,52
कवियों,46
ऊंचे,4
माओवादी,52
कड़ाई,23
पत्रिका,52
गोवंश,170
छिपा,33
आसन,41
अर्चन,23
शोकसभा,118
निरोधक,166
खंभों,23
सिखों,52
बिकने,23
भट्टाचार्य,52
आनाकानी,23
क्षतिपूर्ति,16
चमक,41
हरिहर,23
भाईयों,46
जसप्रीत,5
बिगड़ी,74
मार्गों,30
गुटखा,23
आधिकारिक,52
दिनहाटा,23
मानसिकता,52
सर्वशिक्षा,52
श्रमदान,52
परिश्रम,117
झाड़ू,23
अरोरा,23
खूंटी,23
कार्यकत्री,52
भूजल,0
माधुरी,55
मानो,55
बैनामा,23
उम्रकैद,51
यकीन,29
ब्लू,32
कटी,41
अवस्थित,52
जलकल,23
बनाएंगे,33
रुकवा,195
कहें,41
छूटे,43
इरादे,23
गुणवत्तापूर्ण,52
मनाते,23
युवराज,55
छाप,0
पल्सर,23
अंशकालिक,52
अध्ययनरत,83
फर्जीवाड़ा,59
दीदार,20
पत्रक,52
एतराज,23
फरीद,114
रास,23
गनीमत,167
फुसलाकर,120
बुझा,33
अनुश्रवण,52
टिकी,23
सुन्दर,52
बिन,29
तरीकों,51
इंच,4
जलवा,23
खेतीबाड़ी,17
भागकर,89
विरोधियों,52
गरम,41
चार्ट,30
पेड़,76
लिंग,9
बल्ब,23
जनों,165
कसा,23
विराट,52
आत्मविश्वास,52
बेचे,4
चेहरों,6
बाजपुर,84
पेशे,170
प्रस्थान,52
गुड़,23
छिपी,0
प्रतिस्पर्धा,52
बेचते,4
शासनकाल,52
मिलें,90
खलिहान,23
दामन,23
भयावह,40
नाट्य,52
बाट,23
जिनको,51
गोमती,19
होनहार,20
खुशहाल,27
पुरजोर,23
अपार,23
वरीयता,52
सुर,23
मैचों,133
दंत,9
वकालत,23
सट्टा,23
टकराव,23
भेजना,68
लपटें,41
हरित,0
अभिकर्ता,52
सिक्के,79
पिलाकर,33
ढुलाई,157
आदेशानुसार,52
युवतियां,165
सुलझा,52
बेसहारा,20
मानवीय,52
महत्वाकांक्षी,52
विस्फोटक,166
आशियाना,20
बोध,23
बराबरी,186
दुपहिया,20
रविकांत,5
खीर,23
शक्ल,23
रसोइया,23
आकांक्षा,52
दबे,23
कर्मजीत,5
दरार,23
फौरन,92
संप्रदाय,52
श्रृंखला,55
ढूंढने,194
प्रसन्नता,91
खोजने,88
बॉलीवुड,111
खजाना,23
रूटों,43
उपासना,23
संग्रहालय,30
श्रद्धासुमन,55
मादक,0
प्रत्यक्ष,52
पारदर्शी,52
राहों,46
रखाव,23
दोहन,0
निषेध,52
रिटायर,30
जीजा,23
मुक्की,23
निर्यात,52
आजीविका,48
मनायी,23
जली,23
बिछाई,33
पच्चीस,63
शिवराज,55
निकटवर्ती,28
दृष्टिकोण,52
दांत,5
कृत्रिम,0
मूर्तियां,16
बेघर,74
लोडिंग,30
लाद,23
भटकते,41
गहनता,23
चिकित्सीय,52
पदम,41
कानों,124
रियाज,120
यंत्रों,52
पटरियों,46
विराम,52
फैंसी,54
शाहगंज,84
पलटी,41
चौड़ाई,23
रईस,41
मरे,23
जीविका,48
दंडित,52
एग्रो,32
विचारधारा,52
अख्तियार,20
पहाड़ों,23
जुर्म,120
वीआइपी,14
मंडलों,52
सशक्तिकरण,0
पुनर्गठन,25
मोड़,88
शीर्षक,52
खंगाला,23
बचाना,23
हितैषी,78
उपलब्धियां,52
गुरुद्वारे,42
समृद्ध,52
किशोरियों,27
पोखरा,23
रूख,195
जुटने,23
वृद्धावस्था,52
भागते,89
डूबा,23
चारपाई,23
परीक्षकों,52
स्नेह,91
ननद,41
आदर्शो,170
खासतौर,174
उपाधि,52
झूला,23
राजगीर,23
विराजमान,52
आंदोलनकारी,164
सिलेंडरों,30
अल्पसंख्यकों,52
कूदकर,195
काफिले,20
मंजिला,179
पाला,23
समझकर,41
नामी,23
माताओं,52
चिकित्सकीय,52
लोकतांत्रिक,52
जोहड़,15
जूते,23
बोधगया,23
टोपी,32
बनवाए,33
चढ़ाया,132
शिकस्त,79
सरकारें,20
थानांतर्गत,57
संतुलित,52
जहमत,167
सहमे,41
मुद्रा,52
स्वाति,52
उपमुखिया,33
संभवत,83
रीति,5
गुत्थी,42
दिलशाद,120
प्रवासी,52
घरवालों,46
रिसाव,52
तपिश,170
सैलानियों,46
सिखाया,33
पुतले,0
लड़ी,41
आजिज,23
नामांकित,52
बलि,23
घाटा,23
बढ़चढ़,132
बदसलूकी,146
चुस्त,141
भरते,41
फेंके,54
विकलांगता,166
पुर,84
नूतन,0
पापा,23
स्मरण,0
प्रक्षेत्र,52
शिखर,148
होशियार,20
अफसोस,156
मायूसी,26
खूनी,94
खडे़,60
मेंहदी,114
यूनियनों,21
श्रुति,52
जख्म,23
फीडिंग,30
कराएगा,33
तीव्र,64
जीवनी,187
शौक,6
कुंडल,52
जलमग्न,0
किसने,51
समझी,41
मोक्ष,78
पट्टे,23
बचाकर,23
खानपान,20
इनामी,120
फहराया,23
खुदरा,20
शेरपुर,84
निर्भय,52
बजाने,23
सुनसान,20
बेबुनियाद,20
वहन,41
हवालात,2
क्षत्रिय,52
किरदार,20
डोडा,23
अभिकरण,0
पत्थरों,10
पुलों,10
धरा,23
महापात्र,52
खिल,23
जगाने,23
झूले,15
आमसभा,23
प्रशिक्षकों,52
भिजवा,23
बनें,41
जनमानस,23
लगवाए,33
स्वाद,52
अंत्योदय,52
खड़े,60
केला,23
तारिक,52
प्यारा,20
चारो,52
पहरा,23
निगमों,52
परे,66
विद्वान,52
जनसेवा,52
जोड़ों,10
रीढ़,110
उठाएं,33
लाते,23
व्यर्थ,52
दरकार,23
उतारकर,23
महक,41
गजल,41
गाजे,23
गृहमंत्री,52
लोकप्रिय,52
कमियों,46
सेनानियों,46
गाए,33
कुल्हाड़ी,17
कारीगर,20
अनियमित,52
द्वारिका,52
आहुति,0
शास्त्रीय,52
इंटरसिटी,100
ढाका,23
समाजसेवा,52
प्रबंधों,52
बजरी,41
पटल,41
ठेले,51
नजीर,23
गुंजन,23
जाप,23
पखवाड़े,65
सटीक,14
निकाह,23
परगना,23
बादशाह,23
संस्थागत,52
स्वामियों,46
घात,76
अनुमंडलीय,52
स्थलीय,28
पत्रावली,52
शतरंज,23
मौसमी,27
अंशु,170
चुन,29
सुनाते,29
दुर्गापूजा,16
पहुंचेगा,4
कूड़ेदान,23
पौराणिक,52
दबकर,41
दिखता,33
पीले,32
कायरें,30
मृदा,76
हत्यारोपियों,96
योगा,19
दौलत,11
मन्दिर,179
फर्ज,32
कुचलकर,23
व्यतीत,5
मांगते,12
गुण,128
बेल,23
अटूट,43
सूफी,23
ऋतु,36
ताजिया,120
पूछ,101
प्रमाणित,52
संस्कारों,52
प्रतिद्वंद्वी,52
संशय,0
सेवादार,52
जच्चा,193
धनखड़,41
फिसल,51
खूबसूरत,94
बैठेंगे,129
रूपया,134
भुखमरी,89
सभाकक्ष,52
कागजातों,20
नहरी,41
सिखाने,33
माहिर,20
सेल्समैन,21
कंटेनर,52
विक्रांत,5
जिम,120
धरे,23
अधीनस्थ,52
चप्पल,23
सीआइएसएफ,14
बनीं,86
अंधाधुंध,9
मोहर्रम,71
एजेंसियां,54
गंडक,0
हजारी,23
मीर,23
उमंग,9
पीला,23
प्रवाहित,52
आदी,148
शहरवासी,52
चिंतन,0
बांटकर,43
जलेसर,23
कबाड़,23
पर्वत,66
करनेवाले,46
भाड़ा,23
सदमे,41
बांधने,9
आधारभूत,16
थाली,23
उतारू,23
खांसी,12
नोटों,43
महंती,9
खिचड़ी,23
धोने,88
सहायकों,23
मुनीष,198
फरियादी,20
दबंगई,9
दोहरी,88
प्रतियोगी,52
बच्चन,4
जोगेंद्रनगर,55
वर्चस्व,190
महापुरुषों,42
कट्टा,23
जनविरोधी,166
हुंकार,23
मोमबत्ती,17
जीवों,48
संगीन,52
शुमार,55
समायोजित,52
हालातों,2
खजाने,23
झमाझम,15
मीठा,61
आंगनबाड़ी,20
डांट,43
नेक,51
सवालिया,23
संरचना,52
प्रभावितों,52
शफीक,120
चरमरा,23
अलविदा,35
सद्भाव,52
खरीदना,44
निचली,44
हेमा,120
नील,23
डुबकी,23
घटा,23
दुष्यंत,13
अन्न,23
खड़ा,60
घुटने,23
एजेंटों,43
मारामारी,20
डालना,23
मैक्स,21
भूखे,94
प्रभाग,52
लाभकारी,52
प्रवृत्ति,0
पधारे,23
तेंदुआ,38
अपराधिक,52
दौड़,23
दही,41
दंग,9
चारे,23
उड़ाने,7
असंतुलित,52
दिलाए,33
पीना,23
सत्यवान,52
खरी,23
घूमकर,15
भ्रम,0
बकाए,33
चिल्लाने,17
कूच,4
कायाकल्प,52
खुशियों,27
संवैधानिक,52
बोलकर,88
मनोरमा,23
बहनें,41
उपद्रव,81
उपराज्यपाल,52
चुनने,29
टकराने,23
आमतौर,174
माओवादियों,52
ससमय,41
आपने,41
सज्जा,24
बैसाखी,47
बीड़ी,23
सिद्धांत,52
गांववासियों,52
क्रांतिकारी,5
प्रख्यात,52
खातुन,120
प्रश्नोत्तरी,58
लगाएंगे,33
सब्जियां,10
उदयवीर,199
कर्तव्यों,52
लपटों,41
बाधक,23
निकालना,52
छाई,23
डोली,23
काटते,23
चूल्हा,17
अर्से,32
स्कीमों,21
कान्वेंट,30
वत्स,0
राग,23
भूगोल,70
बजरंगी,9
लेफ्टिनेंट,21
अंचलों,0
किसके,51
लौटाने,75
सूचक,52
तपन,41
प्राक्कलन,52
जेलों,46
प्रभावशाली,52
शराबबंदी,35
दलील,23
स्त्रोत,52
बुरे,23
गिर्द,114
पहन,41
परिचर्चा,52
आभा,89
जाखड़,23
ज्वाला,120
रची,23
मंत्रोच्चारण,52
घोटालों,23
चरणबद्ध,52
उखड़,23
दूल्हे,17
सांख्यिकी,52
दक्षता,37
वित्तविहीन,52
अरसे,41
झुलसा,15
निकालते,52
तालीम,120
बकायेदारों,20
मूंग,19
देवा,23
आगाह,23
अष्टमी,39
नेत्रदान,52
लौह,23
गजेन्द्र,55
लेंगी,33
दायरा,23
खुलेगा,33
घटने,41
परिधि,52
उपचाराधीन,52
सुशासन,52
प्रीती,5
सिखाए,33
श्रोता,52
उमड़े,60
प्रबुद्ध,52
जौहरी,23
हड़पने,41
कानूनों,20
पत्राचार,52
पीली,32
चुनौतियों,158
खदेड़,23
अतरौली,23
उत्पादक,52
सत्तर,0
बेचैनी,74
उद्योगपतियों,166
सूक्ष्म,55
शायर,77
लथपथ,41
व्यवधान,52
भुइयां,10
पुरातत्व,42
नाटिका,52
अनावरण,0
अनुचित,52
अभियंत्रण,52
चाहत,23
कटवा,23
अंजान,20
प्रिय,52
इबादत,23
नकाबपोश,27
संभाली,52
झरिया,23
जानबूझकर,20
घिरे,82
दुर्भाग्यपूर्ण,52
मूक,195
संवारने,52
औपचारिकताएं,52
भुवन,198
बजते,41
प्रवास,52
रूक,195
एजेंडा,20
बोलबाला,23
जानना,23
दवाब,23
लिखाई,33
ऋषभ,41
बकाएदारों,20
बैरक,51
गंगाजल,9
चैत्र,115
लेखाधिकारी,52
फंसाया,54
अधिप्राप्ति,52
बरसे,41
रिश्तों,79
पंडितों,31
तमन्ना,23
प्राध्यापकों,52
बोतलें,19
अपितु,13
राधाकृष्ण,55
कयास,23
पिलर,32
खड़ी,60
बढ़ना,132
हवेली,23
रहस्य,0
त्वचा,52
शुभारम्भ,52
हिस्सेदारी,79
असलहे,41
प्रेमनगर,5
साधू,23
पलटा,23
सत्ताधारी,52
पन्द्रह,63
पीरो,32
उल्टा,23
संयम,0
रोड़ा,23
सूरी,23
स्क्रीन,21
ठेकेदारी,20
तेरे,23
कांटे,43
फंसने,54
जद्दोजहद,173
व्रतियों,46
शिल्पी,52
फुटपाथों,23
सिरदर्द,114
प्रस्तुतियों,52
पंचों,4
मुनासिब,120
परसा,23
अमावस्या,47
स्थिर,52
बैट्री,21
निखारने,33
खींचने,4
बिगुल,23
निर्धन,52
समझना,23
पात,52
परिणामों,52
आपबीती,45
दरम्यान,23
पिकनिक,85
आहवान,23
खंभा,23
मंहगाई,9
पगड़ी,23
मेजबान,52
गुटबाजी,20
बरसी,41
त्रासदी,52
वालीबॉल,69
अद्यतन,122
संवर्ग,52
पालना,23
लौटकर,75
कुत्ता,17
सानिध्य,52
प्रावधानों,52
वस्तुएं,52
औपचारिक,52
करवाएंगे,33
घोषणाएं,52
दबोचे,4
लटकी,41
कैसा,51
सर्वोदय,190
सांय,0
कक्कड़,145
सशक्तीकरण,0
बेतरतीब,74
उफान,23
रंगीन,52
मुश्ताक,120
आशाओं,10
बनाओ,23
जागीर,23
सोते,88
तुषार,198
नीतियां,158
गुजरती,128
गर्भपात,76
दाह,23
पहनने,41
दूरसंचार,87
सुंदरता,52
छिपाने,33
पकड़,132
संक्षिप्त,52
कांडों,10
समझाकर,23
चर्चाएं,52
देंगी,33
मान्य,52
रैकेट,21
भिड़े,153
शाल,23
फजीहत,11
तांत्रिक,52
विभूति,16
पकड़ा,132
बरतें,41
सजाने,23
सुरक्षाकर्मी,52
बड़ों,41
जोखा,88
उठाएंगे,33
निकटतम,83
अरमान,23
गतिरोध,166
सरोकार,23
टुकड़े,10
छुड़ाने,33
जवाबी,23
अथारिटी,30
पूर्णत,16
धनी,41
बिगड़ती,74
बसर,41
सुस्ती,141
जयकारों,138
एचआइवी,14
तलाक,23
सजे,41
फाइलें,30
परचून,39
प्रवाह,52
दिलों,114
दुर्लभ,42
मोटे,43
पिकेट,85
रोमांचक,103
बुद्धिजीवियों,52
त्रुटि,52
ट्रासफार्मर,30
रासायनिक,52
कोटेदारों,20
उड़ाया,23
आतंकवादी,81
जीवंत,48
देह,23
स्वाभाविक,52
खामी,23
श्रीमद्,5
काज,23
फरोख्त,20
आधारशिला,52
स्टाप,30
नारों,124
भराव,23
भूसा,89
खनिज,23
बासमती,61
निगाहें,168
गलन,41
सदुपयोग,166
रातभर,40
पत्रकारिता,52
खागा,23
सताने,23
रचा,23
चौंकाने,20
ढाणी,198
प्रारम्भ,52
जातीय,52
दिखाना,33
नवाज,23
सुपरिंटेंडेंट,21
लहराया,23
तोड़े,23
ढांचे,4
केंद्रित,52
रोना,151
अथक,127
मनोकामना,23
गेंदबाज,126
गजराज,23
नकलची,23
चन्द,23
उपनगर,41
तपस्या,23
कराता,23
पालीथिन,21
उच्चस्तरीय,28
दुर्गम,42
पीतल,0
सैकड़ा,10
धमाल,23
फैक्ट्रियों,21
जिलांतर्गत,57
बदन,41
शंभु,170
बनाता,23
अर्जन,23
जल्दबाजी,20
बुवाई,157
कुंडी,23
समाना,23
सहमत,41
सूट,43
प्रायोगिक,52
जानता,23
समानता,23
भुक्तभोगी,166
नगरवासियों,52
विख्यात,52
संभल,0
छाता,23
बैठते,129
कमा,23
उस्मान,120
हनन,41
भिन्न,52
पहनकर,23
एहतियात,20
लाचार,52
पीते,23
घोड़े,23
सुपारी,55
बैठाने,129
छुट्टियों,25
बंधा,9
रोजमर्रा,20
परिक्षेत्र,52
मसलन,41
सूखी,94
प्रोफेशनल,21
अध्यादेश,52
आहट,41
गद्दी,23
उतारी,23
बहता,23
प्रयोगात्मक,52
अनाथ,23
मतभेद,114
छापने,0
किसे,51
खर्चे,4
विकट,43
गुरुजी,42
दहाड़े,23
सोचने,156
सतवीर,23
कपास,23
शाहबाद,35
ब्लास्ट,21
लगवाया,23
अखाड़े,23
चौसा,6
हिंदुस्तान,120
सुर्खियों,25
जहरीले,72
खिलाने,33
भुगतने,89
इंसपेक्टर,21
ढांचा,4
घनी,41
चिलचिलाती,17
पालकों,52
दर्शनों,170
किनारों,124
शीतलहर,0
नाश्ता,20
चुराने,33
सूचियों,52
नान,55
बाथरूम,26
ठेस,51
निकलती,44
वैवाहिक,52
दिलचस्प,79
कृत्य,78
सनसनीखेज,44
बुलाए,33
मूलरूप,49
बकायदा,2
अबकी,41
जाओ,10
थानान्तर्गत,57
अमलीजामा,73
फलदार,23
हिमालय,31
नाना,23
भूतपूर्व,16
गम्भीर,64
दाने,23
पतंग,9
वैली,180
पुत्रगण,42
फलस्वरूप,16
खोखे,88
सुकून,94
रखनी,41
गायिका,52
जगजीवन,187
संदिग्धों,52
बांसी,12
राजभाषा,52
सोचना,0
दलदल,41
तिल,23
भिखारी,33
ड्रामा,30
खुलते,90
गमगीन,29
कामगार,20
ठहराते,23
पहुचने,4
दिलाना,23
लम्बी,136
दिखायी,33
कुरान,23
बैठना,129
थैला,180
कहावत,23
सांकेतिक,52
गुफा,23
दूंगा,33
वनों,41
नाच,23
पंपों,0
दार्जिलिंग,179
घोड़ा,23
शशी,41
कामगारों,20
जुल्म,120
बेहतरी,74
बखान,23
ज्ञापित,52
भेद,114
बिस्कुट,79
तरजीह,113
याचिकाकर्ता,52
बैद्यनाथ,55
मयूर,23
मुल्क,49
चर्चाओं,52
प्रलोभन,52
गाते,23
सत्याग्रह,52
खेमे,44
रोहन,0
नीलकंठ,0
छोड़ना,88
शिवालयों,55
सादा,23
बेमियादी,20
अनामिका,52
बुआ,23
सौतेला,72
विंध्याचल,31
तकरार,23
धर्मराज,55
आंवला,23
लात,2
महफूज,112
वंश,170
सुजाता,23
दफन,41
विलास,23
हानिकारक,52
अनिवार्यता,52
रहमत,41
प्रकाशोत्सव,47
चुनार,29
बीर,23
मिष्ठान,52
दिवाली,47
हटवा,23
मातहतों,23
निगल,9
सामग्रियों,52
इतर,41
गुरुदेव,42
पहर,41
जनवितरण,0
संजीवनी,52
लड़ाई,23
वृहद,0
समरसता,23
घुसपैठ,129
धमकियां,10
विक्षिप्त,52
गोपनीयता,166
पाठ्य,0
मेहरबान,20
रैंप,32
सेवायोजन,52
कराएगी,33
पहना,23
समीकरण,0
पालियों,46
सरैया,23
प्रदेशभर,170
दुखद,94
आठवें,41
अखंडता,37
पॉलीटेक्निक,21
फिल्में,79
घबरा,23
संचालिका,52
देय,23
टकराकर,23
धमका,23
लगाव,23
नित्य,78
आपत्तियां,52
मैदानी,20
कर्मवीर,0
बिछा,33
उल्टे,23
रखेगी,33
त्राहि,23
पौष्टिक,52
शौकीन,6
दरें,41
सिक्का,79
भौगोलिक,70
समझे,41
एकादशी,47
विनायक,52
उछाल,7
निभाते,33
करतब,41
रेफरी,32
निर्वाचक,52
रामवृक्ष,76
बीआरपी,14
बक्से,32
धमकाने,23
अनुमानित,52
ढ़ाई,23
ग्रामोद्योग,166
पलक,41
बली,23
मुख्याध्यापक,52
सर्दियों,25
अनाधिकृत,0
विषम,0
जानबूझ,20
विद्यासागर,52
हटाना,23
मुस्लिमों,120
मस्त,23
शगुन,29
ढोने,88
प्रांतों,5
कार्डधारकों,52
धूरी,23
काल्पनिक,52
गुजरा,128
अनवरत,41
सौभाग्य,52
बांधे,9
जानमाल,23
कुंडली,52
देखेंगे,33
ईनाम,23
कम्युनिटी,21
मुस्तैदी,79
गल्ले,32
अन्नपूर्णा,16
त्रिलोचन,5
गालियां,10
घंटी,136
दूरस्थ,87
सोए,156
गुजरे,128
मारते,23
रसोइयों,46
मोबाईल,162
कीड़े,23
नैतिकता,70
कार्यान्वयन,52
औचित्य,78
बेमौसम,27
अपनाई,23
अभिनेत्री,1
नकारात्मक,52
उतरते,41
इंजीनियर्स,21
ससुरालीजनों,42
मंदी,114
फर्जीवाड़े,59
गिराया,55
झूमते,15
बदलना,7
कुलभूषण,3
रिक्शे,124
लटकता,159
खट्टर,23
कैफे,51
शाखाएं,52
देवाशीष,55
केवट,23
उबाल,23
हकदार,23
किले,90
करवट,41
साधनों,52
अहमियत,11
टोनी,32
मसला,23
बचना,23
छूटने,43
ताऊ,23
वचन,41
अनुबंधित,52
धोखे,88
अंगुली,9
नलों,41
ढूंढ,194
ज्वालामुखी,120
आदान,23
चुराकर,33
परिचालकों,52
मनमर्जी,23
निभाया,33
भट्ठों,23
वार्डेन,30
सुखद,94
आपत्तियों,52
कर्बला,23
बुद्धिजीवी,52
उठती,41
आएंगी,33
रिचार्ज,30
खोखा,88
तान,23
बिन्दुओं,38
वाजिब,120
भंडाफोड़,59
लगाता,23
केसर,23
अभिरक्षा,52
अर्थव्यवस्था,52
गुलाबी,84
अंधकार,9
जीरा,23
जलती,41
तेरा,23
दोगुना,128
श्रेया,5
गिरता,55
बिगाड़ने,33
दैवीय,48
सूचनाओं,52
बीएसएल,14
हुड़दंग,9
ढलते,41
बीघे,136
रेलमंत्री,52
चौकियों,6
वर्षगांठ,28
तानाशाही,20
हिंसक,188
परत,41
गुणों,128
महफिल,112
घोल,23
निवेशकों,52
वित्तमंत्री,52
ढक्कन,23
खटखटाया,23
मौज,23
अवमानना,23
बनाएगी,33
मंत्रोच्चार,52
टेकने,32
दूल्हा,17
ज्योतिष,48
बानगी,99
मेघा,31
अमूमन,178
कढ़ाई,65
शॉल,32
सोया,23
पर्दे,66
उद्भेदन,52
मिलेंगी,33
पीटना,23
महारानी,55
लड़कियों,4
थानेदारों,20
स्तुति,52
कक्षों,28
समितियां,93
अनियमितताओं,52
व्यथा,193
सम्बन्धित,52
टांग,9
लोकप्रियता,52
जबर्दस्त,91
नाकेबंदी,35
ठगा,23
बुजुर्गों,42
विस्तारपूर्वक,52
बजा,23
शराबियों,46
बंजर,23
छटा,23
प्रण,0
कसी,23
गाया,23
हैसियत,11
खुदा,20
गोताखोरों,27
सुअर,23
इकलौता,158
निबंधक,52
मौतों,158
क्रमांक,52
रामराज,55
जुटाई,33
नयन,41
जस्सी,23
फूंकने,54
स्वर्णकारों,52
आकाशीय,46
सकेंगी,33
आयाम,7
जलवायु,76
पक्षपात,52
गुंडा,23
राष्ट्रपिता,52
खामोश,27
ख्वाजा,20
आक्सीजन,14
बरते,41
घटती,41
प्रसारित,52
लाटरी,32
दमखम,23
प्रायोजित,52
हिंदुओं,38
कथावाचक,0
जांचने,4
अतिसंवेदनशील,52
जोड़ना,88
घंटो,136
मदरसे,41
क्षण,0
अक्षर,122
खुलेंगे,33
कुछेक,83
प्रतिद्वंदी,52
एकादश,47
खिला,23
डायन,23
सलाखों,10
मिठाइयां,61
मोहलत,167
चोरियों,10
छाती,23
दीर्घायु,52
बटन,41
ब्रह्म,55
तेरी,23
नीली,23
बरस,41
तकलीफ,44
उड़ाए,33
आमंत्रण,52
बिगाड़,33
पशुपालक,52
नाकाफी,23
पहनाने,23
नाबाद,35
सबों,41
सन्,39
जटिल,23
नुमाइश,128
तीर,23
मुखातिब,120
कर्मकार,52
कतरा,23
लड़ा,23
दिनकर,23
शौर्य,78
लेख,44
सुखी,94
सब्र,23
असमर्थता,37
मसाला,23
त्रिलोकी,5
उड़ाई,7
साख,23
अनिश्चित,52
प्रचंड,31
तांडव,0
गिरिराज,55
कोटि,43
चढ़ाकर,132
सरासर,23
संलग्न,52
खोया,23
गवर्नर,50
गोलमाल,23
फौजदारी,20
हर्षित,52
नौकरियों,158
घोषणाओं,52
काटना,23
प्रैक्टिस,21
एयरफोर्स,161
भागी,52
मजीठिया,33
संपादक,52
घेरने,23
भावभीनी,52
तनावपूर्ण,16
वजूद,176
रखवाली,46
स्वावलंबी,52
खींचतान,20
हल्दी,23
थप्पड़,23
मालाओं,10
मोटरसाइकिलों,20
कार्पोरेशन,21
उड़े,41
अतिशीघ्र,64
मिलाप,33
नमो,23
संभावनाओं,52
साहित्यिक,52
टेढ़ी,110
हथियारबंद,20
सीढि़यों,110
नस्ल,32
पाइपलाइन,30
मुकुट,198
दुर्भाग्य,52
सुरक्षाकर्मियों,52
सुरंग,9
शीत,5
डलहौजी,23
इज्जत,24
दर्शाता,52
एकतरफा,7
रिवाज,20
गुंडागर्दी,35
मैया,23
ट्रालियों,30
मापदंड,52
नाथनगर,84
पंथ,9
सफाईकर्मियों,52
मिलाने,33
जगपाल,23
जानें,33
कटाक्ष,78
भीख,94
तकनीकि,45
दौड़ते,23
अनुदेशकों,52
परिवारीजन,52
स्वयंसेवियों,52
हिलसा,23
दीदी,114
मिलाया,23
दंगों,9
चढ़ाई,132
हाकिम,120
कुलश्रेष्ठ,28
पुनर्निर्माण,52
मोटा,43
प्रार्थनापत्र,52
उच्चाधिकारी,52
जया,23
समझें,41
हलवाई,23
साबुन,61
फकीर,196
नजरें,41
खेलना,23
स्वदेशी,170
भयमुक्त,52
हीलाहवाली,23
भाषाओं,52
उच्चतम,4
जनजातीय,52
बंदरबांट,19
संग्रामपुर,84
आत्मसात,46
सांई,23
अनुदानित,52
बाहुल्य,52
भतीजी,23
सटा,23
आतंकवादियों,81
विक्रय,0
धुएं,23
पकड़े,132
झोला,23
चैतन्य,78
पर्यवेक्षिका,52
तल्ख,23
गहमागहमी,99
झूल,15
सौंदर्य,52
बही,41
थोड़े,88
रानीखेत,17
शिशुओं,27
दक्ष,28
मस्तिष्क,52
खंडहर,23
अव्यवस्थाओं,52
धनघटा,23
पार्लर,30
सम्पूर्ण,16
कसबा,23
पालक,23
धराए,33
नाटकों,23
झांसे,12
चलाएं,33
मुसाफिर,120
प्रसूता,52
पड़ेंगे,33
अपनाना,23
धमाका,23
पैंट,43
उपायों,23
मानचित्र,52
पायदान,20
गांठ,0
अहंकार,23
कनेक्शनों,21
दौड़ने,23
जलाई,23
मनचलों,41
वास्तविकता,52
निवासीगण,52
दिखती,44
उपद्रवियों,52
क्रिकेटर,85
जनजागरण,187
कट्टे,23
पर्यवेक्षण,52
आगोश,170
हेलीपैड,30
कम्युनिस्ट,21
शुभकामना,77
धनुष,198
प्रतिपूर्ति,16
प्रजातियों,52
जहाज,23
पखवारा,23
बेबस,74
भेजें,68
पत्ते,23
शिवपूजन,0
आंध्र,9
अपनाकर,23
उपजाऊ,23
बैठाया,129
किशोरों,27
कांति,5
नकार,20
लाभदायक,52
पाटिल,55
शूटर,32
बनाती,23
वैसा,51
जूता,23
रेप,32
उद्देश्यों,52
अकेडमी,189
समता,23
उठते,41
ठगने,41
खलील,23
चाट,23
चुकाने,33
प्रशस्त,0
बेचना,4
हड़ताली,23
झेलने,44
पालिसी,21
इचार्ज,23
कांफ्रेंसिंग,21
अपनाए,33
रेलकर्मी,52
दबी,23
रचनात्मक,52
इकट्ठे,122
राजस्थानी,55
कदमों,41
इस्तीफे,20
हालचाल,2
चौंक,181
पूर्वजों,16
चलेंगी,33
सामंजस्य,52
गुंजायमान,52
मासूमों,26
रिमझिम,103
किनारा,23
उमड़ा,60
बूढ़े,110
गंवा,23
पारिश्रमिक,52
इसरार,23
विडंबना,52
जागो,23
महाआरती,187
जनाधार,23
रेडीमेड,123
शिवानंद,55
बंगले,23
दारू,23
आदर,41
विभाजन,52
धमकाया,23
मलिन,29
बुनकरों,19
मंडरा,23
जलाए,33
मैकेनिकल,21
लश्कर,23
पत्रांक,52
मन्नत,0
माइक,23
तदर्थ,37
अद्भुत,16
सुखराम,55
सभाएं,52
सीखा,44
अदद,23
थैले,180
महामाया,46
दिव्यांग,166
असलहों,41
ज्ञातव्य,52
अनापत्ति,52
कॉरपोरेशन,21
गाना,23
उत्खनन,66
रेलगाड़ी,20
नाता,23
पोर्टल,30
मुर्गी,42
नाश,23
कंधों,9
बटोरी,23
कमजोरी,146
अक्षम,122
सिफारिशों,20
कराह,23
होम्योपैथिक,21
भंडरा,23
कांटा,23
उपकेन्द्र,52
टूरिज्म,21
बोरियो,32
कविताओं,20
घटक,41
साक्ष्यों,52
आखों,41
तालियों,46
कुर्सियां,17
विषयक,0
हराम,23
कठिनाइयों,168
व्यंजन,166
बेमानी,120
अपमानित,23
निकास,52
देखिए,44
चलेंगे,33
बताता,23
बनवाकर,23
खींचकर,4
त्यों,97
भीड़भाड़,153
मानिक,52
सीमाओं,10
वरिष्ठता,52
आत्मरक्षा,52
मानती,23
चलन,41
माप,23
अटैची,23
तिहाई,33
कतिपय,0
अनभिज्ञता,24
आंगनवाड़ी,20
ठगे,41
पिछड़,74
अनुदेशक,52
सांझा,12
नीले,23
असंभव,83
कारीगरों,20
चौथ,6
बन्द,114
भावुक,20
सुरभि,198
कबाड़ी,23
बढ़नी,132
एकड़,41
जेईई,14
दलबल,23
लगवाई,23
कोशिशों,27
संपति,52
मार्कशीट,30
कराती,23
बॉल,32
ढीली,23
उपदेश,170
ढेरों,10
प्रशिक्षणार्थियों,52
जालसाजी,20
दिमागी,79
भूमिहीन,89
छूने,43
इंसानियत,20
छेड़ा,23
शर्मनाक,2
चाही,23
हिल,23
सोमा,23
खोद,23
आजतक,41
श्रावणी,55
सौंपते,68
जुकाम,197
क्षमा,23
चपरासी,52
रंगमंच,52
पम्प,0
पिला,23
लेखाकार,52
रचनाओं,10
व्यवहारिक,52
सुधरने,29
ऊंट,43
मेवा,23
टीसी,14
आश्रय,117
जूझते,15
लोकगीत,5
वाचक,0
समेट,43
हरकतों,41
महादलितों,93
पुष्टाहार,76
स्वभाव,52
चित्रों,52
स्वेटर,32
औषधीय,0
तृतीया,28
छोड़कर,88
पाठ्यक्रमों,52
बोरियों,10
कुचला,23
जनसमस्याओं,10
फायदेमंद,2
परिणामस्वरूप,52
बीवी,14
भाड़े,23
यथा,23
कीमतें,167
प्रतिरक्षण,0
निगमायुक्त,52
वर्गीय,28
नवयुवक,165
ननिहाल,2
पागल,23
बच्चू,4
प्रियदर्शी,5
बालकों,52
सम्बन्ध,52
अनुमोदित,52
शीट,43
प्रविष्टि,52
कैरो,32
विवेचक,52
गजब,41
गदगद,23
तवज्जो,173
भराई,23
मनाना,23
परियोजनाएं,52
रौंदा,23
शिशिर,55
कंधा,9
रंगा,9
एथलीट,117
हबीब,74
तापस,7
मुगल,23
जिसमे,51
नीलाम,73
पूर्णाहुति,16
उन्नयन,0
भागीरथी,52
जोड़ने,88
सिद्धांतों,52
हार्दिक,52
भयानक,40
करोड़ों,10
कुम्हार,53
बनानी,23
मीठे,61
बुनकर,19
सुबूत,94
संभाले,52
पखवाड़ा,65
कौम,198
सेवादल,52
प्रस्तुतियां,52
यथावत,23
उतारे,23
कोरी,32
प्रदेशीय,170
संगीतमय,52
भरवाने,23
सजाई,23
राजनेता,52
झोली,23
वास,52
घेरकर,23
सहेली,23
राजनेताओं,52
चोक,23
मदरसों,41
मतपत्र,52
घिर,82
डरा,23
बेचैन,74
राशनकार्ड,52
हंसी,54
बुझाई,33
उन्होनें,53
अपनाते,23
घूस,23
दोहरा,88
सभ्रवाल,52
लोकदल,118
रामानुज,55
विटामिन,21
थाम,23
बाड़ी,23
नाज,23
हरकतें,41
ख्याति,52
बिसौली,23
अतीत,5
रंगाई,9
शिवालय,55
धोबी,23
पूंजीपतियों,52
उलट,41
सवेरे,23
पिलाया,23
वारिस,52
पीडि़ता,153
मूकदर्शक,49
बचें,41
मौसी,23
ढाबों,10
राष्ट्रवादी,52
घटकर,43
चौरासी,6
हटकर,41
जिम्मेदारियों,20
विवाहित,52
लगनी,41
खरीदारों,20
असंगठित,52
कर्ता,52
अराजपत्रित,52
भेजते,68
अवरोध,52
निंदनीय,188
लुटेरा,75
पत्ता,23
रखीं,86
प्रादेशिक,52
माघ,23
गूंजा,23
समतल,41
दलहन,41
बजाकर,23
अजब,41
विषाक्त,52
व्रती,0
कव्वाली,120
शिशुपाल,55
जिन्हे,53
जैव,48
हकीम,23
पदोन्नत,0
आत्मिक,52
भूत,16
दोहराया,88
सेमीनार,20
चलीं,86
अटका,23
अध्यात्म,52
छुट्टियां,25
मदनलाल,23
साधकों,23
सुनाए,29
सैल,23
महाभारत,55
ठगों,41
कुरावली,23
बाड़ा,23
छठा,7
उत्साहवर्धन,52
निश्चय,52
गेंदों,126
आशाराम,55
वाह,23
व्यस्तता,91
साया,23
मुर्गा,42
भ्रूणहत्या,52
विसर्जित,52
खरीदते,44
महासम्मेलन,164
शीतकालीन,52
उपसमाहर्ता,23
काश्तकारों,20
आभूषणों,0
पर्यवेक्षकों,52
सिवाय,52
शीश,170
अभियोजक,166
बच्चो,4
लिंगानुपात,52
श्यामसुंदर,55
बंटवारा,20
उच्चारण,52
छिन,29
निष्क्रिय,52
नवविवाहिता,52
मुनीम,120
चोटी,43
मधुकर,23
क्षय,0
प्रगट,0
नानी,55
अंधविश्वास,52
लाठियों,10
तस्वीरें,64
समीपवर्ती,28
जुड़ी,23
डाकघरों,10
फैक्स,21
साधते,23
चढ़ी,60
उतरेंगे,33
इसने,41
प्रचलन,0
परमाणु,76
लीवर,18
टिकटों,43
पत्ती,23
इलेक्ट्रॉनिक,21
अल्प,0
बिजेन्द्र,55
चने,4
जुड़कर,88
स्वर्ग,28
अनुपमा,198
विनाश,52
बनवाई,23
संचयन,0
अभिशाप,52
असलियत,11
पढ़ती,132
ईटों,41
भूना,89
बेअसर,74
गायकों,23
पार्थिव,52
कार्यवाई,52
कार्टून,20
उद्धार,52
शीशम,170
खदानों,124
विशेषता,52
पुताई,23
अनुसरण,0
स्टेशनरी,21
होनेवाले,46
आंदोलित,164
विद्यानंद,52
अंतरिम,52
विद्वानों,52
आंखे,137
करायें,33
निर्मली,52
गोरा,23
घटतौली,23
धूम्रपान,20
बागवानों,23
डेरे,23
तबतक,23
शिक्षामंत्री,52
पंक्ति,52
साहित्यकारों,52
झपट,41
ताकतों,23
अपात्र,52
प्रेषण,58
संकल्पित,52
किसानी,20
कटवाने,23
ठंडक,0
फुटकर,43
सदी,41
लुभाने,33
चश्मा,120
भांजे,89
पैगाम,120
जमानती,23
गानों,124
बारादरी,55
लाडली,23
सुई,23
पड़ोसी,62
हर्षवर्धन,3
दिहाड़ी,20
चंपत,9
करुणा,198
किसकी,51
प्रणाम,52
समुद्र,42
निर्बाध,52
अमूल्य,49
सुश्री,5
खानी,23
मांझा,12
नदियां,10
ढुल,23
तैराकी,20
कैसी,51
संक्रमित,52
स्वेच्छा,193
सीआइडी,14
नियुक्तियां,52
सतगुरु,42
मुकर,23
मचाते,23
करतूत,36
राजेश्वरी,55
भीमसेन,198
गहलोत,5
इक्का,23
समुदायों,52
गरमा,23
खिलौने,27
रासलीला,55
लाये,23
उठाये,33
ठेकों,10
सपरिवार,52
दौड़ाकर,23
फूस,51
म्यूनिसिपल,21
ढिलाई,23
कटोच,4
जायें,33
निपटारे,52
योगाभ्यास,52
चुपचाप,0
बेतहाशा,20
निवासिनी,52
संतोषी,52
छेड़,23
शक्तियों,46
यथाशीघ्र,64
भट्ठी,23
व्यवसाई,52
टालमटोल,7
पढ़ता,132
आमलोगों,183
किन्नर,50
रखेगा,33
पहाड़ी,23
धुंआ,23
प्रतिबद्ध,52
हड़प,41
परमहंस,9
बर्तनों,119
मुहूर्त,115
सहसचिव,172
स्रोतों,52
बदलवाने,23
शंका,23
मोहताज,23
लीची,23
निर्वाह,52
निभाएंगे,33
पढ़ना,132
उत्सुकता,52
नाममात्र,52
सदियों,46
शक्तिपीठ,5
कूड़ा,23
मानों,124
कलाई,23
कसरत,41
सत्यापित,52
मालिकाना,52
भूगर्भ,89
हमलों,41
तनख्वाह,20
फिसलने,44
हाय,23
कविताएं,20
साधक,23
तोले,23
उपमुख्य,49
वृद्धों,52
चालीसा,55
कारखानों,20
जगरूप,0
जानकर,20
बीजों,10
बिखर,74
घमासान,23
चहेतों,10
कनपटी,32
भूरे,23
अधिकाधिक,52
लीलाओं,10
अपूर्ण,16
सर्वोत्तम,190
मरा,144
मुझसे,53
मिट,43
वैसी,51
जलनिगम,52
बिलकुल,111
मूंगफली,142
साम्राज्य,52
एथलेटिक,85
जलनिकासी,52
बरातियों,46
श्रमायुक्त,52
हुकूमत,120
मेज,150
डकैत,23
खचाखच,15
हस्तशिल्प,52
जैकेट,21
पिछला,34
अनार,23
तीमारदार,20
सेंधमारी,20
हारे,23
निरुद्ध,52
दिखते,44
मनाएं,33
शासक,52
सबमर्सिबल,32
दुश्मनी,27
चढ़ाव,60
खरीदार,20
पांचाल,23
उतरना,23
सातों,10
रियासत,20
मरहम,41
कुदरत,167
बिखरे,74
मोहब्बत,71
ढांढस,194
जरुर,23
चौके,6
चूड़ी,23
हिमपात,76
थाप,23
सुनियोजित,52
फेंककर,54
मछलियों,10
फुसला,120
स्थानान्तरण,52
पहिए,97
पूर्णतया,16
टेंशन,130
वतन,41
जमाए,33
तोड़ी,23
कौमी,198
अंत्येष्टि,52
तिथियों,93
रचने,41
सड़के,41
न्यायालयों,52
गुरुओं,42
अधिकारिक,52
सत्रह,0
अलवर,41
याची,55
व्यंजनों,166
बूढ़ी,110
मत्था,23
शुक्र,120
बॉर्डर,30
उपभोग,166
उतने,41
प्रतिभावान,52
धूमिल,89
अशांति,5
लहरा,23
दरारें,33
मनीराम,23
इंद्री,55
लड़ेंगे,33
अंर्तगत,52
सर्वोपरि,190
पंजिका,52
दबोचने,4
रोपड़,60
साईकिल,20
अड्डों,10
मम्मी,23
मंद,114
भारतीयों,52
चाची,23
स्पर्श,170
पड़ेगा,33
नक्षत्र,52
बसाने,23
करारा,23
इरादा,23
दिशानिर्देश,52
असमाजिक,52
लालबत्ती,17
वल्लभ,198
पांचवे,63
सुंदरी,52
दिलाते,33
जापानी,23
हल्दिया,23
नमस्कार,23
नाचते,23
लिपिकों,56
निवेदन,52
सहम,41
हर्रैया,23
रातों,23
साला,23
मनचले,41
जंजीर,26
ठहरा,7
गोभी,89
भेजेंगे,33
जुनून,94
फर्राटा,30
प्यासे,23
मण्डी,23
वादन,0
श्रीधर,5
अखबारों,52
रीतेश,5
सुने,29
संगठनात्मक,52
तोड़ते,88
मनिहारी,23
लड़ते,41
पिछड़ों,74
मानता,23
मक्खी,23
भरो,82
ऑक्सीजन,14
स्वैच्छिक,52
रहेगे,33
खड़ंजा,31
हड़कंप,184
विधवाओं,20
फूले,23
अनियमितताएं,52
अहिंसा,188
जुटाए,33
हताहत,23
बजने,41
निजाम,120
आयात,7
क्षेत्रवासी,52
पहुचा,4
जामिया,20
प्यारी,20
दमन,41
बुनियाद,20
सटी,14
अर्पण,37
बाशिंदों,46
वनस्पति,0
संकरी,9
विसंगति,52
नाई,23
पालम,23
फव्वारा,20
पडे़गा,33
डाका,23
शीशपाल,55
परवरिश,170
डिस्चार्ज,30
कृष्णानंद,55
निखार,33
कार्बन,52
समयावधि,52
जेठानी,55
चराने,23
अभिव्यक्ति,52
मंत्रों,52
पिपरी,66
सत्तारूढ़,52
क्रियान्वित,52
लोहार,23
हस्तांतरित,52
बहार,23
निष्पादित,52
पालने,23
उपकेंद्रों,52
सुनेंगे,33
मशरूम,89
फिक्र,120
बिके,23
फूटा,23
लायी,23
बैलों,10
अनुशासित,52
माटी,23
आंकी,23
कलेर,23
वक्तव्य,52
घिरा,23
अनुमंडलाधिकारी,52
विस्थापन,52
भट्टा,23
तीखे,44
परिसदन,66
तुरन्त,13
बाजू,23
बिरंगे,9
उत्तेजित,52
दिनोंदिन,29
साजन,23
कुश,170
रामकथा,55
कृति,0
प्रमुखों,49
शादीशुदा,52
सहायिकाओं,52
कमांडो,12
उग्रवाद,52
पहनाया,23
दर्जे,32
मोतियाबिंद,179
मिनटों,131
इकाइयां,10
विसंगतियों,52
कामिनी,55
प्रत्यारोप,52
विक्षोभ,166
कार्याें,52
मचाना,23
दिलाकर,33
बेरुखी,74
घाव,23
दीवारें,20
जूट,43
स्थली,28
कृतित्व,52
विस्तारीकरण,52
मशगूल,23
मदों,41
महरूम,89
खिली,23
भुगत,89
खुलवा,23
अनुभूति,16
वाममोर्चा,95
दिखेगा,33
बड़सर,140
जामुन,120
मुख्यधारा,52
बेसब्री,74
बगीचा,4
चरितार्थ,52
जगदंबा,136
मौरंग,9
मैनेजिंग,30
चरमराई,7
दीजिए,97
मनोविज्ञान,52
जिताने,33
रेलकर्मियों,52
अपरान्ह,57
रैलियों,180
धराशायी,52
छुड़ा,33
बेसुध,23
सिराज,55
दिलवाया,23
प्रबंधकीय,52
लूटकांड,12
प्रत्यारोपण,52
कोंच,4
खिले,23
हिना,23
तिपहिया,20
पंख,23
निकलेगी,33
पैठ,129
परमवीर,39
स्वाहा,120
डूबी,23
आनेवाले,46
प्रभागीय,52
नींबू,61
ज्येष्ठ,28
बहाया,23
अनुयायियों,52
बंसी,114
एकमुश्त,49
रघुराज,55
सायंकाल,23
शमन,41
कोस,32
अजीब,74
किलोवाट,131
फैसलों,2
हिदायतें,20
सदस्या,52
भूरी,23
अमरूद,113
अधीनस्थों,52
पांचवी,63
ललक,41
आधुनिकता,70
बताएंगे,33
पूज्य,16
भागदौड़,108
सफलतापूर्वक,16
कटों,41
कारणवश,97
घुसी,23
सुदीप,198
विलुप्त,52
जलसे,41
महामारी,20
चरखारी,23
उड़ने,41
विविधता,52
फैलता,2
तौबा,23
दागी,23
गृहकर,8
छीनी,29
अपेक्षाकृत,52
इनवर्टर,14
सम्मति,0
स्टेंड,30
सुरक्षाबलों,52
अनुग्रह,0
सुखचैन,32
कार्यकत्र्ता,52
फैलती,2
युद्धस्तर,42
ऑपरेटरों,10
त्यागपत्र,52
संरक्षा,52
पोखरों,10
दुबके,23
आभास,89
कैप्सूल,21
सर्प,0
अड़चन,105
गुपचुप,0
दुष्प्रभाव,52
गंगानगर,9
धारी,23
ट्रांसफारमर,30
मनमाना,23
हाशमी,120
कोसा,23
आरपार,23
खोखला,88
पाएं,33
कालिंदी,23
शुद्धता,52
विभाजित,52
सूचीबद्ध,52
हैंडबाल,30
सुनायी,29
तारें,33
ग्यारहवीं,63
संग्रहण,52
बहु,36
तकिया,23
दोगुनी,128
नवसृजित,52
सिलिंडर,30
रैयतों,11
फार्मो,30
पकवान,23
नतीजों,10
अनुभवी,83
शिवभक्तों,93
भड़ास,23
नौका,6
नमूनों,23
बहेड़ी,23
कुर्बान,120
बेनकाब,23
हुकुम,120
जसवाल,23
भांग,89
कतराते,23
पशुधन,0
पटवारियों,52
गोताखोर,27
प्राचार्यो,52
यद्यपि,160
सांझ,12
चबूतरे,23
रंजिशन,179
सैलानी,120
नशेड़ी,23
जंतु,9
जनकल्याण,52
टिक,23
निर्मम,52
पनपने,23
इकलौते,158
जुताई,23
नाकामी,20
बिंदू,38
गिरिजा,55
उत्पीड़न,153
मन्नू,23
बौछार,59
निकलवाने,52
शर्मसार,2
नेत्रहीन,1
व्याख्या,52
असंतुष्ट,52
संयोजिका,52
स्टालों,30
बकाये,23
जुआरियों,10
मिलीमीटर,131
अनुभाग,52
परंपराओं,52
बारातियों,46
रक्तचाप,76
बदस्तूर,23
स्तंभ,52
वानिकी,52
वाहिद,120
बचते,41
सुनाने,29
एलडीएम,14
काहलों,10
दर्शना,170
मंगाया,9
बुढ़ापा,20
पहुंचाएं,4
राष्ट्रव्यापी,52
कुंआ,23
खिलाया,23
दिग्गजों,166
मोहिनी,55
आपदाओं,10
रोपित,5
रचित,0
स्टैण्ड,30
पद्मश्री,5
दिलायी,23
पाबंद,35
कपाट,23
प्रधानी,52
बांग्ला,120
उपरान्त,193
प्रतिरोध,166
गढ्डों,10
हमसे,116
सुसज्जित,52
मोचन,0
मूसलाधार,20
मर्ज,23
विभागाध्यक्षों,52
चैम्पियनशिप,56
कुकर्म,0
उत्पादकों,52
एलबम,41
सबने,41
हिरण,23
युद्धवीर,42
कर्णप्रयाग,55
दाता,23
बगीचे,4
पनीर,23
उचक्कों,10
फांदकर,54
जर्नादन,23
जादूगर,23
प्रतिवाद,52
जोरशोर,146
पेशकश,0
निबटने,44
टहलने,41
ऊधम,23
भंगड़ा,89
बरसाना,23
छुपाने,33
रजाई,23
करबला,23
तनातनी,0
सूझबूझ,15
लगाती,23
भैंसों,23
हताश,23
टीएन,14
सादगी,23
यादें,33
जिंदाबाद,35
बेचता,4
फिजिकल,21
इलेक्ट्रानिक्स,21
महबूबा,112
अध्यापन,52
तड़प,41
समन्वयकों,83
समझाते,23
वाकई,97
अनुकंपा,52
आबाद,35
आंदोलनरत,164
मसलों,41
अनशनकारियों,52
टंकियों,23
मंडराने,9
शर्म,23
कोड़ा,23
समाहित,52
चेकडैम,51
नौनिहाल,2
नियुक्तियों,52
चपत,41
मैगी,50
परिभ्रमण,0
चौखट,6
कुटीर,198
सुझावों,52
सकीं,86
महंथ,9
बकरियों,46
बिटिया,20
लिफाफे,20
राजरानी,55
सफाया,23
घायलावस्था,76
शुरूआती,157
लीं,86
मिठाइयों,61
कमोवेश,170
कोशिशें,27
साधने,23
रियायत,20
शाहदेव,55
आवंटियों,10
पेशा,170
मुसाफिरों,120
टावरों,10
पहाड़ियों,23
मन्नतें,0
पोते,23
आकृति,0
डालेंगे,33
दिखावा,33
मालगोदाम,23
अनुज्ञप्ति,52
शील,23
दिखाएंगे,33
ध्यानी,23
भाड़,23
लड़े,41
चुनरी,23
जघन्य,0
धुनों,29
भौतिकी,70
आधुनिकीकरण,70
बहती,41
कारगुजारी,20
निकलेगा,33
प्रज्ज्वलन,91
पैटर्न,52
छिटपुट,23
श्रद्धापूर्वक,55
अधिग्रहीत,0
प्रवृति,0
समाजसेवियों,52
कुटिया,23
वनाधिकारी,52
भइया,23
बर्दास्त,20
रुकावट,20
किरायेदार,20
सलामत,120
अंदरूनी,94
मनसा,23
आपातकाल,52
किराएदार,20
बहादुरी,55
अहीर,23
तीक्ष्ण,5
सीएसआर,14
ठान,23
अदालती,23
ख्वाब,20
लहराते,23
चढ़ते,132
चाहें,23
परम्परा,52
चबूतरा,23
हटे,41
देखता,44
गाल,23
मेलों,46
ट्रैक्टरों,21
जानती,23
तबदील,23
आनंदी,23
संतुष्टि,52
बास्केटबॉल,69
प्लेटफॉर्म,21
भेड़,23
ठहरे,41
तपती,41
बुझाया,33
फेरे,23
कुमकुम,198
खदेड़ा,23
पिच,4
शमा,23
तकदीर,39
वामपंथी,52
शारदीय,55
भेंटकर,43
निष्कर्ष,52
तख्तियां,52
जूं,23
फोटोयुक्त,30
खूबसूरती,94
निबंधित,52
जड़ा,23
वाणिज्यकर,52
ब्रह्मानंद,55
नफरत,41
अनुरक्षण,0
सीखे,44
परी,66
शिवाला,23
तेजा,23
सजाए,33
निष्क्रियता,52
अमरपाल,23
उमड़ने,60
निवाला,23
चौकों,6
जानकारियों,20
गुणात्मक,52
इमारतें,23
प्रोफाइल,30
यहाँ,86
दुहाई,23
वेश,170
मछलियां,10
महाकुंभ,107
पीए,14
ईलाज,23
झाडू,23
हेपेटाइटिस,21
भुला,89
सोई,23
बहकावे,23
कारवां,23
डांडिया,23
लीन,29
लाभांवित,52
क्रोध,166
शर्बत,23
गठजोड़,59
जगमग,41
संभालेंगे,33
फिजीशियन,21
सहानुभूति,16
जांचोपरांत,4
नामकरण,23
पूर्ववर्ती,16
आशियाने,20
उर्वरा,23
उत्कर्ष,52
वातानुकूलित,52
मजे,23
जमीर,23
गैरकानूनी,20
गुजारिश,20
छेड़छाड़,59
पाइपों,30
हस्तांतरण,52
बकरा,23
पुरातन,42
महानगरों,23
दौड़कर,23
प्रदत्त,0
डूबकर,23
एनएचएआइ,14
बगावत,23
बनवाना,23
संज्ञा,52
बंधुओं,9
गड़बड़,41
बचाए,33
मजहब,41
नामचीन,52
बीता,23
रुद्र,42
गौरवान्वित,52
आमजनों,41
पूछते,101
संकलन,0
पतन,41
अनुभवों,83
पेयजलापूर्ति,16
चहेते,23
प्रार्थी,52
पसंदीदा,114
भाला,23
शिल्प,52
बिगड़ते,74
डिब्बा,35
सोची,156
कुलाधिपति,52
खाल,23
सीनेट,43
अनुशासनहीनता,52
शर्ते,23
घटों,23
बिठा,33
खोदकर,88
चुनौतियां,158
दूज,113
बाराहाट,35
क्रूरता,52
पुस्तिकाएं,25
सांठगांठ,0
राजदीप,55
चुनिंदा,188
जिज्ञासा,52
कहेंगे,33
निर्दल,52
संस्कारशाला,52
शैल,180
भ्रमित,91
हकों,41
कुओं,23
सौहार्दपूर्ण,52
बदहवास,23
वेशभूषा,52
बराती,23
प्रसूति,52
परिधान,52
आमादा,23
जांची,4
पृष्ठभूमि,52
पाठकों,52
सतह,41
गांववासी,52
पूर्वानुमान,52
कब्र,23
शिक्षाविद्,52
ड्राइंग,30
भुलाया,33
संभालते,52
तेजवीर,23
तोड़कर,88
खोलते,88
कारें,33
प्रवचनों,58
बिछाया,33
नशाखोरी,27
कलंक,23
मैगजीन,50
बाएं,33
अनुरुप,0
नीरा,23
यमुनोत्री,1
इसलिये,97
अपनाएं,33
हामी,120
बालिकाएं,52
स्तनपान,52
मसीहा,120
अजगर,41
चेयरमेन,50
राजनारायण,55
तुम्हारे,53
टकराया,23
रचनाएं,52
साइकिलों,20
पवित्रता,52
बास,23
बनाएगा,33
आउटसोर्सिग,30
इतिश्री,55
ठेंगा,33
समूचा,34
लिखना,33
प्रकरणों,58
उदयराज,23
प्रचलित,52
निहित,52
संवर्धन,52
बधिर,82
बोरियां,10
पांचवां,63
कंकाल,23
मलाल,23
पीडि़तों,153
गुजरता,128
खंगालने,23
जहरखुरानों,23
लालटेन,17
मिलजुल,90
गंदी,114
शादियों,46
बब्बन,23
बुध,23
बागडोर,55
मनाएंगे,33
कोसते,88
घटाकर,23
उड़ी,41
फूटी,43
तीरंदाजी,20
इन्हे,53
आकाशवाणी,52
बेदखल,74
चलाएगी,33
छपी,41
इकाईयों,46
कांच,4
खासियत,11
खोलना,23
सरहद,41
कनक,41
बर्खास्तगी,20
कोयल,23
बहुचर्चित,52
न्यौता,20
काबिल,46
कायस्थ,52
सांगठनिक,52
फार्मासिस्टों,21
अंगों,0
पांडव,0
बांधी,23
बालियां,10
स्टीकर,32
सलोनी,32
लाज,23
खुशनुमा,27
जगा,60
अफवाहों,168
वर्गों,28
कोसों,10
बिन्दु,38
सजगता,159
चकाचक,0
संचय,0
नतमस्तक,0
संवेदनशीलता,52
आगंतुकों,13
हिदायतों,20
मौतें,158
शिक्षाविद,52
नीलगाय,23
बंटा,23
कंठ,0
धंसने,54
सिंतबर,39
नशों,41
मनन,41
चहुंमुखी,94
दानी,23
जत्थों,23
उलझा,23
मोहसिन,71
बुझ,15
पर्याय,52
निकलवाया,52
आसरा,23
उधम,41
पूर्वांचल,16
लगाएगा,33
एहसान,23
पिहानी,23
देशवासियों,52
यूएस,14
मिश्रित,52
झाड़ी,23
पादरी,55
गहराया,23
वर्जित,52
दुआएं,23
मद्य,0
मचाई,23
लीजिए,97
परिकल्पना,52
कायदे,2
अटकी,41
तिजोरी,23
रक्षकों,0
सौंपेंगे,68
पकड़ने,132
जमाना,23
छूटा,43
संबधी,52
फफूंद,19
विद्युतापूर्ति,52
शतप्रतिशत,57
प्रवक्ताओं,52
शोहरतगढ़,84
आयीं,86
आवाम,23
संगतों,135
मातृत्व,52
बंधाया,9
शस्त्रों,52
बेखबर,74
प्रमाणिक,52
फॉगिंग,30
गुजारने,20
उंगली,9
रुककर,195
बीचों,4
दिलवाई,23
टहल,41
अफसरशाही,99
पहुंचाते,4
बुराईयों,168
वधू,23
सत्कार,23
मैत्री,21
हटाई,23
दीये,97
व्यापी,52
स्थितियों,52
डिब्बों,35
कैंपों,22
जलसा,23
हलफनामा,73
धमक,41
भूखंडों,52
अरबों,41
उपखंड,52
छर्रा,23
प्रतिभाएं,52
कंक्रीट,52
अंडा,23
उस्मानी,120
पेशाब,170
पौत्र,42
पोषित,0
इसमे,86
ठहर,41
उग्रवादियों,52
मरी,23
मध्यस्थता,37
गवां,23
बेअदबी,74
नाती,23
अध्याय,52
जमात,23
कुलवीर,198
नंगे,9
पहुंचाए,4
बवाना,23
साम्प्रदायिक,52
हार्डवेयर,21
घोंटकर,23
दुखों,94
नकारा,23
असमय,41
रैलियां,180
उग्रवादी,52
बाते,23
मुकामी,120
किन्हीं,53
अनदेखा,44
ब्लेड,32
पारितोषिक,52
गुज्जर,128
मौनी,29
डरे,23
जूही,23
साइकिलें,20
छिड़क,23
नसीर,23
उकलाना,23
रोजे,32
चलाएंगे,33
रंगेहाथ,9
बरसा,23
अक्षत,0
खेद,114
जन्मे,23
गिलास,23
भरसक,23
मणिपुर,84
अप्रत्याशित,52
खुदकशी,27
भांजी,89
जमादार,23
श्राद्ध,55
पढ़ाते,132
निरोधात्मक,52
तिरंगे,9
सुमंत,9
प्रतिबद्धता,52
छुपा,33
फेंकी,54
रवानगी,99
धोना,88
लीपापोती,17
हटेंगे,33
बाराती,23
सभ्याचारक,52
चित्रांकन,52
वचनबद्ध,52
आलाधिकारियों,52
बारीकियों,20
निष्पक्षता,52
बिखेर,33
जातिवाद,52
अनुयायी,52
कालोनियां,17
हरिनाम,23
चूड़ियां,23
बिलखते,74
परीक्षित,52
तबादलों,23
छक्के,32
नवी,155
ओले,41
कीर्तिमान,5
गोसाई,23
दुलारी,23
देररात,40
नवीनतम,155
देरशाम,40
दशम,41
ग्रामवासियों,52
बाबुओं,23
नियमितीकरण,52
नजाकत,23
नजरों,41
समयबद्ध,52
निकलवा,52
योजनाबद्ध,52
यादों,10
खाए,33
उपकार,23
भुवनेश,198
लाहौर,2
टला,23
बाध्यता,52
साली,23
अभिकर्ताओं,52
गाँव,12
चारधाम,52
नाप,23
साहसिक,23
मुनी,198
एलआईसी,41
संवाददाताओं,52
उद्घोष,52
करिश्मा,79
बकरियां,10
सीमांकन,52
ओढ़ाकर,23
मंगलसूत्र,52
अभियन्ता,52
बंदा,23
शुद्धि,52
दमा,23
निभाएं,33
कपड़े,139
खामोशी,27
भालू,89
डलवाने,23
उस्ताद,23
भोलू,89
चाभी,89
पकडे़,132
वादाखिलाफी,20
पंचायतीराज,31
अविवाहित,52
जलते,41
डेरापुर,23
खजूर,23
शिवनंदन,55
जनकल्याणकारी,52
रोको,32
कठिनाईयों,168
चादरपोशी,27
मेधावियों,52
भटकने,23
गुनाह,128
चौतरफा,6
फतह,41
देखो,44
परास्नातक,52
खोने,88
संदेहास्पद,52
कुर्ता,17
सांड,12
लोभ,89
बंध,52
श्रीमति,5
कसना,23
धागा,23
शातिरों,20
प्रबन्धक,52
व्यंग्य,166
लुप्त,52
बल्ला,120
दसवें,41
आर्शीवाद,52
समर्थ,37
रुपेश,198
चिड़ियाघर,10
फुर्सत,42
पूरक,0
लगाएगी,33
अछूता,23
भागीदार,52
जलपान,23
हुक्म,120
शंखनाद,9
कांप,0
रहन,41
रिझाने,33
कलशयात्रा,52
सार,23
निर्माणों,52
पदस्थापन,52
खोदने,88
कृत,0
शाप,23
संबद्धता,52
सिद्धि,52
रुकते,195
पथरी,41
मोल,23
थोड़ी,88
खोटी,23
कमोबेश,170
कुटी,198
सायरन,23
घटाने,23
पटक,41
दुधारू,52
आक्रामक,52
शोरगुल,84
तोता,23
उत्पादकता,52
छिप,0
प्रमाणपत्रों,52
वीरता,37
बोई,23
गिने,32
जायदाद,35
सितारा,23
हजम,41
अविरल,148
कुमुद,198
चर्म,23
झडी,41
सुधरी,29
अजायब,23
सामंत,9
सांसें,54
निरोग,166
पुत्रियों,42
जलाशयों,23
बिठाकर,129
ग्रामवासी,52
जेहन,23
आहुतियां,0
महकमों,41
प्रभावती,55
नौकरानी,52
ब्रजमोहन,198
तनिक,70
द्वेष,170
आज्ञा,52
होनेवाली,46
दूरदर्शन,87
सुहेल,23
तटवर्ती,28
दौड़ाया,23
किस्मों,79
मिठास,61
ससुरालीजन,42
बरतते,74
दूत,36
स्वदेश,170
जिलामंत्री,52
मुंडन,0
केले,51
ढील,23
अनूठी,34
गुरुजनों,42
तमाशा,23
तीरथ,0
शिक्षणेत्तर,52
शोधन,52
साग,23
बिका,23
चौका,6
प्रासंगिक,52
लड़ेगी,33
फैलाई,2
भंवर,89
सुपरवाइजरों,52
छिपाकर,33
पड़ताल,132
छत्रपति,148
रूझान,20
अध्यक्षीय,52
आतुर,23
गहनों,41
लोकनिर्माण,52
पुनरावृत्ति,52
अनपढ़,41
समावेश,170
अशिक्षा,52
सुभद्रा,55
सेव,23
जंगलराज,9
राष्ट्रीयकृत,52
लड़ना,60
संघर्षरत,52
रुकवाने,33
करवाचौथ,6
तरंग,9
ग्लास,23
गैलन,23
उर्वरकों,0
अनिमेष,170
अभिन्न,52
नवरात्रों,52
गण्यमान्य,52
महारैली,180
कनेक्टिविटी,21
शमशान,23
बिरजू,23
लावारिश,52
धीमा,23
भूसे,89
पुनर्विचार,25
शवगृह,8
धरनास्थल,28
आंनद,23
जांचा,4
पोलिथिन,21
संघों,52
ग्रह,0
वयोवृद्ध,52
चिकित्सालयों,52
पराग,23
कौड़ी,23
छलावा,23
झोपड़ियों,10
दूतावास,52
विशेश्वर,170
झुग्गियों,10
अधिग्रहित,0
निलेश,5
प्रतीक्षालय,52
नौंवी,63
पड़ना,23
रघु,36
भूतल,0
किसानो,20
फांक,160
सुहाना,20
प्राविधिक,52
असहायों,46
लोचन,0
प्रशंसनीय,52
बिगड़े,74
उत्पादित,52
खुलता,90
पहचानने,23
कसते,41
बगिया,23
अंडे,23
उद्यम,166
उलझी,41
बिचौलिए,20
विधा,52
मलय,41
खानापूरी,20
रोकते,80
निकालेंगे,33
चौपारण,6
उजाला,23
फिसड्डी,55
नीला,23
षडयंत्र,52
कांधला,23
प्रखर,0
हाजरी,120
भावनाएं,52
बिचौलिया,20
गायकी,23
दुनियां,33
पिया,23
गोलीकांड,96
जायरीन,52
स्ट्रोक,30
कुव्यवस्था,52
मंसूबे,20
फिजा,120
वारिसों,52
दवाईयां,23
लोकनृत्य,78
शतक,41
पछुआ,23
बिताने,33
इंस्पेक्टरों,21
फांस,12
मुजाहिद,120
नागवार,23
समीक्षात्मक,52
विचरण,0
सम्मुख,94
सालभर,23
सूने,23
मनवाया,23
पदार्थों,52
श्मशानघाट,55
मुर्दाबाद,35
बदलेगी,33
क्षत,0
इस्लामिक,120
शांतिभंग,5
बढ़ाएं,33
वायुसेना,1
भात,23
पढ़ाना,132
बीचोबीच,4
बिखरी,74
धरी,23
तरबूज,23
ढलाई,23
वगैरह,51
हारने,23
निपट,52
बाकि,23
भक्तजनों,0
कमाया,23
प्रतिभाशाली,52
उलझे,41
दुकाने,124
खंडित,52
वरन,41
जवाबदेह,20
फ्रेंचाइजी,69
पर्चियां,52
चौपहिया,20
ऑडिशन,130
बरतनी,41
बीन,29
घपले,41
गलतियों,46
नैनो,32
दलीय,0
राखियां,10
आयेंगे,33
पुरूषों,42
नम्रता,37
शिकारियों,52
खिड़कियों,10
सभ्य,0
अंपायर,126
पसार,23
पालतू,23
लकड़ी,139
बच्चियां,4
आयेगी,33
चीखने,44
नवगठित,0
अमानवीय,52
लहजे,41
खुलेगी,33
नमाजियों,46
सुलझ,15
बहुमूल्य,49
महामहिम,20
आवश्यकतानुसार,52
गिरती,82
अंतरराज्यीय,52
उपसचिव,172
टेबिल,21
खात्मे,120
दौराला,23
दर्जकर,170
अनसुना,29
भक्तजन,0
अधिकारिता,52
गौरवशाली,52
बहुओं,10
भरवाया,23
खेलकर,88
उड़ाते,23
कार्यमुक्त,52
ग्रीष्मकालीन,52
धन्य,0
चहुंओर,86
छतरी,41
पड़ने,132
तथाकथित,52
शास्त्रों,52
टुकड़ों,10
प्रियांशु,5
मुख्यअतिथि,93
मंत्रणा,52
भीग,89
पंचर,0
तेजस्वी,5
नौवें,63
परिदृश्य,52
कैंब्रिज,179
बताएगा,33
दाहिने,124
विक्रमादित्य,52
वस्तुस्थिति,52
दगा,23
देवगम,23
बंटे,136
काठगढ़,84
गिराकर,55
नगराधीश,52
व्यवस्थापकों,52
झुलसने,15
पुंज,52
संवेदकों,52
घटते,41
लेजर,32
नथुनी,29
किश्तों,79
खेमका,23
शिकारी,23
सरपरस्त,23
विक्षत,0
आसीन,29
हवस,41
भगाया,23
एप्लीकेशन,21
ताल्लुक,120
ट्रेक,32
दीपों,10
मालवाहक,0
शायरी,77
रसोईया,23
किसका,51
बारूद,23
म्यूजियम,21
उठायी,33
दंडाधिकारियों,52
परख,41
मनोहारी,23
सारिणी,52
खोदे,23
पहिये,97
पोती,23
अपशब्द,114
अंशिका,52
वनवासी,52
तरैया,23
रैबीज,32
माखन,23
सजने,41
प्रतियोगियों,52
प्रस्तावक,52
गुरुद्वारों,42
मुख,94
शिष्यों,52
दमदार,7
ढीले,23
डिफाल्टर,20
बोतलों,19
विपक्षियों,28
विश्लेषण,52
अनुशासनात्मक,52
हड्डियों,10
दशमी,39
मुखाग्नि,93
माँग,12
चित्रा,52
रेलमार्ग,30
निषेधाज्ञा,52
हंसते,54
दीनबंधु,9
एकलव्य,0
बचकर,41
खोजी,68
खीरा,23
बकरे,41
बहकर,41
श्वेत,5
मेहरबानी,20
गालीगलौज,17
गोले,23
धुलाई,157
अमानत,23
शराफत,23
ताड़ी,23
गंाव,12
अराजकतत्वों,52
वाद्य,52
मंदबुद्धि,52
हतप्रभ,91
वीरान,52
पड़ीं,86
थामा,23
बिछाकर,33
नमकीन,29
जाँच,4
सिंथेटिक,21
विज्ञानी,52
खजांची,4
लकड़ियों,46
बेपटरी,74
फटा,23
ईश्वरी,170
नवनिर्माण,52
तोला,23
विफलता,52
कूड़ादान,23
गिनाई,23
हिफाजत,20
अयोग्य,166
माध्यमों,52
छलक,41
ढहने,23
वितरक,0
वास्ता,23
कुनाल,23
समाजशास्त्र,52
छप्पन,23
अभिवादन,52
गरज,41
गुजराती,128
बोगियों,10
सबूतों,36
बजाते,23
नहाते,23
पिचकारी,23
लग्न,0
प्रकल्प,52
मांगलिक,52
भूदेव,55
रणजी,187
सिंधु,98
पाश्चात्य,193
छेड़ने,88
गर्मजोशी,27
मैदानों,20
फीका,120
मकबूल,112
प्राणों,42
विलीन,29
लगकर,41
कुर्क,195
गीतकार,5
थान,124
क्वार्सी,30
प्रतिलिपि,52
मटका,23
लाइनमैनों,50
अप्रशिक्षित,52
योजनाकार,52
दौड़ी,23
जुड़ाव,23
जहाँ,86
मुहाने,20
मल्लाह,120
सटाकर,23
मुमकिन,79
चिमनी,23
नहरें,41
नरक,41
गोलबंद,114
खड्डा,23
ताप,23
ढुलमुल,84
एकीकृत,0
मालाकार,23
कसे,23
पोस्टरों,30
अन्नदाता,52
पीटीआई,14
रेलपार,23
भागना,89
धकेल,23
अभिलाषा,52
खुशखबरी,27
बेकसूर,146
दीया,23
कोषाधिकारी,52
इच्छाशक्ति,193
छुड़ाया,33
अभूतपूर्व,16
मादा,23
टेप,32
असुरक्षा,52
बेशकीमती,74
सेनानायक,1
जलेबी,23
सेटेलाइट,21
सिवा,52
लहसुन,29
दर्रे,32
उपजे,41
दुकानदारी,20
सीना,23
मंदाकिनी,55
थिरके,82
इमामबाड़ा,23
खाबड़,23
शर्मिला,120
छीने,29
परास्त,23
तपा,23
चटकाए,33
जिलास्तर,52
रूकने,195
सत्यता,52
कूदने,15
बचेगा,33
शक्तिशाली,52
कोख,94
पटाक्षेप,52
सेनापति,1
जलता,23
वाहक,0
बीचोंबीच,4
सर्कस,32
लांग,9
झपटमार,20
अपहरणकर्ताओं,52
कशिश,170
सलामती,120
सातवां,63
खिलाई,23
अपहर्ताओं,52
पकाने,23
पस्त,23
कछुआ,23
आयशा,23
नियति,11
बैनीवाल,55
मरणासन्न,91
मुंहतोड़,59
तहस,41
खाती,23
युवजन,165
मनाही,120
चिल्ला,17
हुर्रियत,11
सारथी,23
इंद्रधनुष,9
बटेश्वर,170
बोलना,23
स्वप्न,91
जुए,23
ग्रंथों,42
मधुमक्खी,23
बोरों,10
पीतांबर,9
रुदौली,23
सट्टे,32
शहद,41
कथनी,41
जुबानी,120
झपटमारी,20
करनेवालों,46
अध्यात्मिक,52
थकान,23
मंगवाई,9
पक्षधर,28
शूट,43
सरंक्षण,0
छायादार,20
कालिका,52
सुलेख,44
वस्त्रों,52
लगेंगी,33
बाइस,23
लगान,23
जालसाज,20
रेस्तरां,21
संबंधियों,52
दलीलें,0
रहनेवाले,46
जोड़ते,88
खादों,23
मारना,55
अंकपत्र,52
हस्तियों,46
मुशायरे,77
सीवेज,150
मध्यान्ह,57
निकलें,104
कार्यस्थल,52
अनूठा,34
झकझोर,146
झड़ी,41
दिव्यांगों,166
न्यायधीश,52
मनवाने,23
किरकिरी,51
हिला,23
चुटकी,198
ओलंपियाड,56
यामीन,55
लहरी,41
ताश,23
उड़ती,41
सरस,41
छात्रनेता,52
मरम्मती,0
गेटमैन,50
तबला,23
संपादित,52
गड़गड़ाहट,191
चैनलों,10
उगी,41
पूछी,101
अप्रत्यक्ष,52
बक्शा,124
कुशलता,37
आयुवर्ग,28
अंत्यपरीक्षण,52
डब्ल्यू,14
कर्मो,0
बेपरवाह,20
कास्य,52
हसीन,29
चमकाने,23
उजड़,60
अत्याधिक,52
कर्मठ,0
झोपड़ियां,10
डाट,23
कटघरे,41
चलाएगा,33
प्रजनन,0
साठगांठ,0
लेखकों,44
आइना,23
निपटाया,52
दबने,41
धारणा,23
अस्वस्थ,52
चुनकर,29
मंगाकर,9
मारूति,175
परखने,44
सकरा,23
धरोहरों,10
सुखा,94
होम्योपैथी,21
नरम,41
लल्ला,120
रंगकर्मी,52
गृहणी,8
बदलती,41
रुकवाया,33
छोड़ते,88
कुचलने,83
अनबन,23
पुत्रियां,42
बंसीलाल,55
कोयलांचल,23
सोचते,156
जागे,23
हत्याओं,10
लेंटर,32
नन्हीं,53
अखाड़ों,23
रक्तदाताओं,52
उठाता,33
चेत,0
वाचन,0
वायदों,10
स्वास्थ्यकर्मी,52
निभानी,33
जननायक,23
जुबां,23
प्रतियां,52
परमार्थ,52
बारीकियां,20
माचिस,52
काजू,23
सर्वदलीय,28
भोली,89
शहनाई,65
पनकी,41
कांटी,23
अवसरों,41
सिक्कों,79
त्रुटियों,52
भूले,89
तम्बाकू,23
सम्बंधित,52
शासित,52
नायाब,120
वशिष्ट,52
ब्रह्मचारी,55
पड़ती,132
कामधेनु,198
फार्मेसिस्ट,21
कातिल,23
शीशी,170
गुब्बारे,35
छंटनी,23
टयूबवेल,67
नीर,23
नाचने,23
खाएं,33
सप्तमी,39
तारे,23
तीव्रता,64
गहराने,23
पोस्टमास्टर,30
निरक्षर,0
जिन्दगी,125
मच्छरदानी,20
लटकते,80
लौटाया,75
घपला,7
दालों,46
परिधानों,52
खरपतवार,7
मुनाफे,20
धोती,23
मुग्ध,42
मालामाल,23
बुलावा,23
जुटेंगे,33
पीक,14
अनौपचारिक,52
बदलता,23
अकादमिक,189
कतारबद्ध,37
कैंची,22
इंतकाल,23
नजरिया,33
मुख्तयार,20
कपडे़,139
चमेली,23
ठप्प,0
झपटी,41
दामिनी,55
नोंक,181
टोका,23
वन्यजीव,48
महती,41
छोड़ने,88
प्रागंण,52
मुकीम,120
छेद,114
सुंडी,23
गोरक्षा,23
शंख,23
राष्ट्रगान,52
कस्तूरी,23
बमबम,41
ढर्रे,32
औरत,41
झरना,23
रौब,23
कार्यक्षेत्र,52
वेल,23
जायेंगी,33
पुश्तैनी,17
अलगाववादी,52
अधीक्षकों,52
निर्णयों,52
फोटोग्राफर,30
कसम,41
फेहरिस्त,79
थिरकते,82
अधमरा,144
चेस,23
वली,41
अल्का,23
कम्यूनिकेशन,21
कछला,23
लगवाकर,23
कीजिए,97
पटवार,52
दरवाजों,147
संकोच,52
पैंतीस,63
जनेश्वर,170
मृदुला,76
फहराने,23
आइए,41
काश्तकार,20
चलंत,9
बजरिया,33
रुद्राभिषेक,52
वेदांत,5
खोदी,23
ऐतराज,23
रहूंगा,33
भावपूर्ण,16
शान्ति,193
स्टाम्प,30
निराशाजनक,52
स्मारिका,52
हिरन,23
रिफंड,30
प्राणियों,42
पत्थरबाजी,20
अधिकता,37
आटे,41
मंडलाध्यक्ष,52
चुराई,20
बाड़े,23
अनभिज्ञ,24
हजारा,23
मिश्री,55
सुनहरा,20
ब्रह्मदेव,55
बरकत,41
भड़की,41
अकीदतमंदों,163
मसाले,23
सोचकर,156
सत्यार्थी,52
तुम्हें,53
उत्सुक,52
उजाड़,23
दुश्मनों,27
सुबेदार,20
जनसमूह,119
दिलावर,23
सगाई,23
आरम्भ,107
ठूंस,23
गाजर,23
ताजपोशी,27
टिन,29
ढाल,23
गुलामी,120
उचक्के,32
हथकंडे,23
खोखले,88
जागा,23
फैलते,2
जिमखाना,20
तुलाराम,55
बनेंगी,33
प्रसंस्करण,52
क्रियाओं,52
हटाये,33
लालसा,23
पीढि़यों,110
टैबलेट,21
नेटवर्किंग,30
कसौटी,23
अधिसूचित,52
लकड़ा,139
अपहरणकर्ता,23
राजमिस्त्री,52
सुंदरकांड,52
बैलगाड़ी,20
आदिम,23
छूटी,43
अढ़ाई,23
सूजन,0
भांजा,89
चश्मे,23
सूनी,23
रसायनिक,52
करवाता,23
छपने,41
स्वर्णिम,28
दर्पण,37
बचाते,23
बर्ताव,23
ईसा,23
वर्धन,0
बल्लेबाजों,126
पेंशनधारियों,52
पिलाना,23
गरजे,41
देशद्रोह,27
बाजा,20
टकटकी,41
देवरानी,55
तलहटी,23
फरमाया,23
लड़ने,132
रूपों,0
चहलकदमी,41
अशोका,23
सीढि़यां,110
रिजेक्ट,21
खुलती,90
कातिलाना,23
काबीना,23
सर्वधर्म,0
जनसेवक,52
टेक्नोलाजी,21
विद्यापति,52
परिप्रेक्ष्य,52
यांत्रिक,52
चित्रण,52
कॉरपोरेट,21
वेदों,114
वाम,23
सर्वांगीण,52
टीजीटी,14
शुष्क,49
निर्यातकों,52
सेहरा,23
सैद्धांतिक,52
चिंहित,188
निर्यातक,52
देखती,44
चिता,23
कसाना,23
पंचमुखी,94
कारनामे,73
अपर्णा,198
गरुड़,23
ताकीद,120
पतली,41
मेहनताना,20
उम्मीदवारी,20
मंगाने,9
खात्मा,120
आलिया,23
परोपकार,23
टुकड़ा,10
सजाकर,23
