k,Algorithm,WCSS,Silhouette,Davies_Bouldin,Calinski_Harabasz
50,MiniBatchKMeans,16666.26171875,-0.018174730241298676,5.828782417296139,73.40255737304688
50,Voronoi_Partition,16440.6640625,-0.011194818653166294,5.893152004567066,78.99578857421875
50,Gaussian_Mixture,16507.425830841064,-0.03026457130908966,4.879766847194055,77.02950286865234
50,Agglomerative_Cosine,18508.03631877899,0.006600657477974892,6.379708336124947,24.693300247192383
100,MiniBatchKMeans,16385.935546875,-0.04691167548298836,4.293531909167129,40.89691162109375
100,Voronoi_Partition,16081.427734375,-0.01577107422053814,5.9105184955648475,44.362361907958984
100,Gaussian_Mixture,16118.994529724121,-0.030861588194966316,5.818871747298594,43.79048156738281
100,Agglomerative_Cosine,18340.975131988525,0.005014757625758648,6.026646345284731,14.13328742980957
150,MiniBatchKMeans,16265.138671875,-0.04721612110733986,3.4039948925585906,28.23575782775879
150,Voronoi_Partition,15906.6005859375,-0.016518300399184227,5.971655101029519,31.188983917236328
150,Gaussian_Mixture,15920.395732879639,-0.030271200463175774,5.934324971351842,31.04650115966797
150,Agglomerative_Cosine,18192.105620384216,0.002903561806306243,5.568422165982811,10.53380012512207
200,MiniBatchKMeans,16245.53125,-0.05829811468720436,2.8537803683810163,21.090967178344727
200,Voronoi_Partition,15755.9404296875,-0.018164247274398804,5.841816864055078,24.46780014038086
200,Gaussian_Mixture,15759.556571006775,-0.029493337497115135,5.776086759870533,24.43941879272461
200,Agglomerative_Cosine,18073.29198694229,0.00226422818377614,5.182940529762295,8.573083877563477
250,MiniBatchKMeans,16195.7880859375,-0.07078127562999725,2.3895691038784217,17.078447341918945
250,Voronoi_Partition,15634.2685546875,-0.019269563257694244,5.713622071845406,20.274351119995117
250,Gaussian_Mixture,15628.370980262756,-0.030282817780971527,5.704598114146021,20.31190299987793
250,Agglomerative_Cosine,17952.723302841187,-0.0004064316162839532,4.908903181686083,7.412841320037842
300,MiniBatchKMeans,16080.09375,-0.08179976046085358,2.4163918842056535,14.868610382080078
300,Voronoi_Partition,15533.869140625,-0.019353626295924187,5.578933286183231,17.37595558166504
300,Gaussian_Mixture,15525.364426612854,-0.02877272106707096,5.549184882008079,17.421537399291992
300,Agglomerative_Cosine,17842.273482322693,-0.003456675447523594,4.7385010626853825,6.603584289550781
